HR01;HR02;Suma;Suma_Eduardo;Check
0;0;504;504;0
0;0;542;542;0
0;0;574;574;0
0;0;583;583;0
0;0;630;630;0
0;0;595;595;0
0;0;670;670;0
0;0;668;668;0
0;0;782;782;0
0;3;770;770;0
0;12;808;808;0
0;29;834;834;0
0;45;809;809;0
0;111;894;894;0
0;143;958;958;0
0;173;957;957;0
0;201;963;963;0
0;228;971;971;0
0;270;1090;1090;0
0;262;1157;1157;0
0;289;1216;1216;0
0;324;1265;1265;0
0;291;1388;1388;0
0;352;1451;1451;0
0;399;1526;1526;0
0;419;1649;1649;0
0;401;1647;1647;0
0;417;1830;1830;0
0;433;2084;2084;0
0;425;2286;2286;0
0;471;2617;2617;0
0;478;3064;3064;0
0;504;3848;3848;0
0;504;4710;4710;0
0;542;5700;5700;0
0;574;5883;5883;0
0;583;6210;6210;0
0;630;6133;6133;0
0;595;6310;6310;0
0;670;6255;6255;0
0;668;6411;6411;0
0;782;6283;6283;0
0;770;6110;6110;0
0;808;5883;5883;0
0;834;5700;5700;0
0;809;5722;5722;0
0;894;5531;5531;0
0;958;5535;5535;0
0;957;5583;5583;0
0;963;5460;5460;0
0;971;5289;5289;0
0;1090;5386;5386;0
0;1157;5103;5103;0
0;1216;5278;5278;0
0;1265;5326;5326;0
0;1388;5311;5311;0
0;1451;5333;5333;0
0;1526;5402;5402;0
0;1649;5361;5361;0
0;1647;5380;5380;0
0;1830;5285;5285;0
0;2084;5296;5296;0
0;2286;5047;5047;0
0;2617;5054;5054;0
0;3064;4940;4940;0
0;3848;5011;5011;0
0;4710;4808;4808;0
0;5700;4817;4817;0
0;5883;4726;4726;0
0;6210;4764;4764;0
87;6133;4743;4743;0
1021;6310;5791;5791;0
2235;6255;6930;6930;0
2828;6411;7376;7376;0
3145;6283;7581;7581;0
3345;6110;7801;7801;0
3220;5883;7537;7537;0
3660;5700;7956;7956;0
3930;5722;8306;8306;0
4013;5531;8204;8204;0
3853;5535;8097;8097;0
3790;5583;7993;7993;0
3604;5460;7749;7749;0
3726;5289;7940;7940;0
3564;5386;7698;7698;0
3567;5103;7552;7552;0
3435;5278;7201;7201;0
3332;5326;7192;7192;0
3292;5311;7149;7149;0
3324;5333;7102;7102;0
3226;5402;7007;7007;0
3393;5361;7078;7078;0
3342;5380;6946;6946;0
3444;5285;7058;7058;0
3583;5296;7070;7070;0
3643;5047;7151;7151;0
3683;5054;7192;7192;0
3660;4940;7064;7064;0
3477;5011;6764;6764;0
3435;4808;6807;6807;0
3370;4817;6596;6596;0
3379;4726;6648;6648;0
3287;4764;6504;6504;0
3225;4656;6377;6377;0
3186;4770;6279;6279;0
3234;4695;6343;6343;0
3171;4548;6204;6204;0
3115;4436;6088;6088;0
3073;4456;6005;6005;0
2948;4317;5902;5902;0
3016;4296;5836;5836;0
2949;4376;5737;5737;0
2901;4191;5596;5596;0
2994;4244;5709;5709;0
2889;4203;5609;5609;0
2862;4145;5566;5566;0
2843;4214;5473;5473;0
2906;4134;5479;5479;0
2929;3985;5594;5594;0
2725;3766;5257;5257;0
2802;3860;5342;5342;0
2839;3857;5318;5318;0
2746;3778;5161;5161;0
2754;3781;5217;5217;0
2653;3685;5120;5120;0
2665;3604;4943;4943;0
2617;3614;4902;4902;0
2632;3487;4926;4926;0
2529;3508;4765;4765;0
2444;3509;4655;4655;0
2472;3404;4785;4785;0
2497;3287;4701;4701;0
2358;3372;4518;4518;0
2419;3226;4514;4514;0
2380;3269;4471;4471;0
2372;3217;4417;4417;0
2345;3152;4451;4451;0
2285;3093;4304;4304;0
2294;3109;4314;4314;0
2250;3033;4212;4212;0
2298;2973;4229;4229;0
2244;2932;4329;4329;0
2207;2954;4242;4242;0
2164;2820;4068;4068;0
2193;2788;4097;4097;0
2139;2695;3982;3982;0
2082;2715;3973;3973;0
2032;2720;3826;3826;0
1982;2704;3804;3804;0
2008;2630;3744;3744;0
1992;2573;3794;3794;0
1924;2665;3673;3673;0
1858;2532;3594;3594;0
1886;2540;3688;3688;0
1986;2479;3810;3810;0
1847;2415;3628;3628;0
1855;2463;3512;3512;0
1933;2467;3693;3693;0
1766;2278;3465;3465;0
1766;2285;3412;3412;0
1759;2294;3318;3318;0
1837;2236;3436;3436;0
1767;2211;3280;3280;0
1655;2313;3219;3219;0
1793;2204;3391;3391;0
1696;2160;3173;3173;0
1716;2095;3204;3204;0
1654;2091;3068;3068;0
1587;2045;3085;3085;0
1602;2106;3026;3026;0
1594;2019;2953;2953;0
1522;2020;2915;2915;0
1570;1962;3002;3002;0
1545;1931;2989;2989;0
1506;2085;2936;2936;0
1487;2035;2913;2913;0
1515;1904;3008;3008;0
1456;1904;2862;2862;0
1501;1843;2880;2880;0
1426;1891;2819;2819;0
1420;1794;2786;2786;0
1404;1822;2769;2769;0
1338;1736;2618;2618;0
1444;1802;2717;2717;0
1385;1749;2592;2592;0
1334;1736;2516;2516;0
1394;1802;2632;2632;0
1404;1824;2624;2624;0
1284;1781;2483;2483;0
1343;1657;2529;2529;0
1357;1760;2527;2527;0
1396;1699;2541;2541;0
1355;1646;2579;2579;0
1344;1559;2486;2486;0
1363;1599;2497;2497;0
1283;1513;2463;2463;0
1243;1564;2356;2356;0
1212;1598;2392;2392;0
1195;1477;2337;2337;0
1194;1488;2313;2313;0
1149;1414;2251;2251;0
1125;1498;2246;2246;0
1114;1424;2126;2126;0
1117;1359;2173;2173;0
1163;1393;2241;2241;0
1137;1432;2131;2131;0
1102;1444;2130;2130;0
1198;1430;2206;2206;0
1108;1426;2094;2094;0
1079;1493;2088;2088;0
1099;1406;2076;2076;0
1058;1379;2030;2030;0
1111;1393;2072;2072;0
1121;1366;2044;2044;0
1129;1365;1985;1985;0
1104;1280;2030;2030;0
1084;1273;2043;2043;0
1070;1207;2002;2002;0
978;1182;1872;1872;0
934;1238;1831;1831;0
1035;1220;1930;1930;0
944;1199;1853;1853;0
937;1186;1844;1844;0
963;1170;1863;1863;0
947;1145;1847;1847;0
933;1224;1859;1859;0
966;1142;1833;1833;0
933;1134;1834;1834;0
930;1180;1782;1782;0
935;1113;1838;1838;0
852;1180;1731;1731;0
870;1142;1707;1707;0
876;1119;1737;1737;0
892;1102;1698;1698;0
936;1121;1707;1707;0
817;1012;1665;1665;0
839;1056;1666;1666;0
807;1078;1570;1570;0
866;994;1669;1669;0
816;1028;1563;1563;0
812;1008;1664;1664;0
825;986;1568;1568;0
816;1009;1577;1577;0
762;977;1522;1522;0
770;972;1540;1540;0
803;961;1509;1509;0
756;923;1532;1532;0
798;856;1522;1522;0
764;926;1515;1515;0
785;959;1494;1494;0
731;932;1473;1473;0
749;894;1449;1449;0
751;897;1455;1455;0
747;895;1443;1443;0
704;909;1427;1427;0
751;907;1458;1458;0
704;900;1349;1349;0
693;900;1361;1361;0
688;926;1370;1370;0
737;867;1367;1367;0
713;901;1399;1399;0
679;852;1318;1318;0
636;903;1291;1291;0
713;879;1378;1378;0
661;837;1335;1335;0
709;861;1384;1384;0
635;806;1303;1303;0
576;771;1247;1247;0
680;848;1278;1278;0
665;827;1343;1343;0
602;763;1231;1231;0
684;803;1271;1271;0
674;747;1255;1255;0
566;852;1161;1161;0
664;743;1246;1246;0
636;761;1234;1234;0
630;760;1227;1227;0
580;770;1160;1160;0
607;706;1225;1225;0
651;776;1241;1241;0
612;724;1169;1169;0
612;751;1174;1174;0
599;709;1204;1204;0
561;742;1107;1107;0
594;700;1159;1159;0
584;704;1145;1145;0
527;696;1097;1097;0
556;723;1085;1085;0
574;707;1091;1091;0
554;645;1112;1112;0
570;668;1109;1109;0
554;682;1075;1075;0
539;630;1055;1055;0
549;686;1081;1081;0
501;639;1038;1038;0
525;655;1064;1064;0
519;665;1061;1061;0
527;674;1059;1059;0
524;675;1045;1045;0
538;668;1035;1035;0
563;671;1077;1077;0
495;598;990;990;0
483;678;988;988;0
541;629;1030;1030;0
479;587;981;981;0
519;581;994;994;0
491;595;984;984;0
474;582;961;961;0
510;598;1026;1026;0
491;597;963;963;0
472;580;952;952;0
472;618;934;934;0
468;590;962;962;0
454;557;922;922;0
482;562;957;957;0
463;605;964;964;0
457;546;907;907;0
446;565;911;911;0
492;561;977;977;0
457;570;924;924;0
450;529;882;882;0
456;517;907;907;0
436;558;871;871;0
385;539;876;876;0
405;521;805;805;0
419;516;846;846;0
480;532;922;922;0
428;537;884;884;0
422;539;868;868;0
416;542;805;805;0
447;532;880;880;0
441;521;863;863;0
417;497;859;859;0
389;514;808;808;0
405;495;807;807;0
384;505;792;792;0
412;489;838;838;0
406;502;820;820;0
395;475;830;830;0
395;493;775;775;0
391;487;774;774;0
392;516;812;812;0
396;472;779;779;0
412;480;785;785;0
378;462;818;818;0
391;494;781;781;0
396;468;784;784;0
354;475;796;796;0
394;501;758;758;0
371;450;748;748;0
393;465;776;776;0
358;485;761;761;0
393;467;766;766;0
363;432;744;744;0
376;451;727;727;0
331;435;702;702;0
395;491;741;741;0
346;400;703;703;0
334;427;705;705;0
334;442;707;707;0
322;456;725;725;0
315;446;708;708;0
356;389;736;736;0
348;433;732;732;0
358;422;721;721;0
323;442;692;692;0
306;419;665;665;0
320;402;654;654;0
309;408;634;634;0
360;426;689;689;0
312;414;659;659;0
327;435;679;679;0
353;380;699;699;0
309;383;646;646;0
309;420;633;633;0
307;383;656;656;0
311;373;693;693;0
314;440;643;643;0
321;390;635;635;0
354;388;662;662;0
328;442;676;676;0
312;364;599;599;0
294;377;631;631;0
301;383;625;625;0
310;403;651;651;0
288;373;636;636;0
269;381;586;586;0
318;351;626;626;0
292;371;639;639;0
290;346;604;604;0
310;357;619;619;0
284;371;595;595;0
303;373;628;628;0
271;403;555;555;0
305;393;599;599;0
296;380;585;585;0
278;384;575;575;0
267;363;566;566;0
290;369;577;577;0
261;359;541;541;0
283;334;572;572;0
307;325;608;608;0
252;329;554;554;0
281;347;557;557;0
276;352;566;566;0
280;346;572;572;0
281;337;585;585;0
253;324;540;540;0
283;349;551;551;0
269;382;559;559;0
297;329;564;564;0
276;314;539;539;0
267;308;553;553;0
267;348;537;537;0
242;287;527;527;0
257;337;524;524;0
228;324;480;480;0
256;341;529;529;0
287;348;574;574;0
271;317;513;513;0
272;308;527;527;0
297;347;559;559;0
218;314;492;492;0
258;309;499;499;0
270;311;554;554;0
264;325;527;527;0
246;284;489;489;0
248;294;470;470;0
229;289;511;511;0
266;297;518;518;0
253;299;514;514;0
246;287;528;528;0
238;280;498;498;0
228;289;461;461;0
233;301;493;493;0
232;302;519;519;0
218;276;474;474;0
223;290;487;487;0
236;292;505;505;0
217;304;475;475;0
240;287;486;486;0
232;268;495;495;0
214;290;450;450;0
231;267;456;456;0
222;263;461;461;0
214;286;443;443;0
208;270;444;444;0
228;285;460;460;0
215;267;454;454;0
218;252;461;461;0
204;273;429;429;0
201;287;417;417;0
230;242;470;470;0
225;255;430;430;0
203;262;419;419;0
214;274;435;435;0
199;241;443;443;0
230;284;450;450;0
191;263;391;391;0
234;243;470;470;0
184;222;430;430;0
226;282;432;432;0
191;252;411;411;0
179;261;391;391;0
223;282;469;469;0
188;260;399;399;0
198;233;414;414;0
198;260;408;408;0
216;287;426;426;0
195;256;407;407;0
198;264;399;399;0
216;269;446;446;0
190;258;418;418;0
200;246;369;369;0
200;263;409;409;0
183;236;383;383;0
205;225;417;417;0
199;239;415;415;0
195;229;399;399;0
192;236;399;399;0
211;232;419;419;0
174;239;381;381;0
186;243;399;399;0
194;225;395;395;0
182;216;385;385;0
190;240;404;404;0
190;205;406;406;0
176;216;395;395;0
175;221;363;363;0
163;244;367;367;0
185;220;385;385;0
179;200;378;378;0
174;236;350;350;0
180;246;411;411;0
172;206;384;384;0
183;220;375;375;0
179;212;353;353;0
177;246;356;356;0
168;211;372;372;0
183;216;374;374;0
182;210;360;360;0
180;210;377;377;0
162;212;335;335;0
169;201;330;330;0
146;230;318;318;0
154;228;307;307;0
177;169;369;369;0
146;209;313;313;0
165;200;335;335;0
145;212;319;319;0
149;216;323;323;0
158;204;331;331;0
158;207;332;332;0
145;208;317;317;0
158;207;334;334;0
150;213;312;312;0
141;201;304;304;0
140;203;326;326;0
141;214;338;338;0
150;216;330;330;0
166;219;348;348;0
149;188;293;293;0
150;204;333;333;0
162;200;304;304;0
157;199;307;307;0
144;176;301;301;0
145;231;297;297;0
137;212;305;305;0
148;192;303;303;0
137;174;288;288;0
146;179;298;298;0
136;204;299;299;0
150;191;323;323;0
120;178;265;265;0
138;197;285;285;0
130;173;286;286;0
150;161;301;301;0
169;172;307;307;0
136;153;304;304;0
126;192;286;286;0
168;167;298;298;0
142;170;296;296;0
118;174;273;273;0
133;174;299;299;0
151;173;311;311;0
140;174;283;283;0
142;172;310;310;0
133;176;274;274;0
139;162;297;297;0
120;163;251;251;0
133;186;275;275;0
146;197;290;290;0
132;180;255;255;0
115;182;279;279;0
139;144;275;275;0
135;183;284;284;0
137;142;289;289;0
107;150;243;243;0
121;157;262;262;0
120;152;253;253;0
142;168;306;306;0
100;155;231;231;0
123;151;301;301;0
114;152;264;264;0
124;163;271;271;0
116;173;268;268;0
104;145;234;234;0
126;147;255;255;0
114;156;247;247;0
116;151;257;257;0
154;138;282;282;0
110;168;230;230;0
126;160;268;268;0
111;130;232;232;0
120;154;272;272;0
125;155;253;253;0
121;166;262;262;0
117;160;246;246;0
124;143;259;259;0
99;168;239;239;0
121;141;250;250;0
84;158;213;213;0
110;131;242;242;0
109;142;222;222;0
112;144;228;228;0
119;123;237;237;0
111;164;237;237;0
113;136;246;246;0
116;149;263;263;0
110;152;232;232;0
103;136;232;232;0
95;141;212;212;0
103;133;222;222;0
90;164;210;210;0
89;131;211;211;0
105;178;232;232;0
116;150;243;243;0
97;147;224;224;0
105;152;220;220;0
98;130;219;219;0
87;129;233;233;0
93;133;222;222;0
113;141;226;226;0
90;128;196;196;0
105;120;217;217;0
94;142;219;219;0
99;121;220;220;0
79;152;173;173;0
95;128;208;208;0
117;141;237;237;0
99;129;220;220;0
87;135;191;191;0
112;140;245;245;0
93;129;196;196;0
84;129;183;183;0
85;132;208;208;0
99;113;204;204;0
89;116;201;201;0
91;118;195;195;0
99;126;221;221;0
88;133;200;200;0
89;147;198;198;0
90;122;211;211;0
104;129;209;209;0
90;117;201;201;0
102;119;215;215;0
94;120;202;202;0
80;122;162;162;0
99;127;205;205;0
86;127;181;181;0
94;127;190;190;0
79;115;187;187;0
107;121;213;213;0
61;146;159;159;0
80;129;198;198;0
90;113;202;202;0
87;106;203;203;0
95;112;185;185;0
100;125;208;208;0
96;121;211;211;0
97;94;197;197;0
89;113;175;175;0
102;120;220;220;0
82;121;176;176;0
82;104;189;189;0
76;133;188;188;0
76;103;171;171;0
77;99;181;181;0
75;123;169;169;0
75;105;157;157;0
79;112;181;181;0
65;104;161;161;0
80;122;168;168;0
70;112;168;168;0
74;109;166;166;0
86;121;187;187;0
97;105;210;210;0
81;111;170;170;0
65;113;158;158;0
77;108;179;179;0
71;82;157;157;0
81;106;172;172;0
86;95;165;165;0
79;96;172;172;0
74;108;180;180;0
79;106;164;164;0
88;98;164;164;0
74;118;168;168;0
78;112;171;171;0
71;116;143;143;0
78;90;176;176;0
73;108;147;147;0
69;115;145;145;0
85;100;178;178;0
81;86;176;176;0
77;118;162;162;0
77;94;167;167;0
70;107;153;153;0
69;112;155;155;0
70;95;140;140;0
61;104;135;135;0
75;94;156;156;0
67;82;129;129;0
72;102;158;158;0
80;96;170;170;0
71;88;152;152;0
57;98;144;144;0
68;92;164;164;0
70;101;145;145;0
86;113;172;172;0
70;89;146;146;0
65;93;156;156;0
55;102;150;150;0
67;86;137;137;0
66;91;150;150;0
68;79;153;153;0
74;93;152;152;0
49;106;133;133;0
77;85;161;161;0
64;76;145;145;0
76;94;155;155;0
59;93;137;137;0
62;72;144;144;0
68;98;142;142;0
67;74;151;151;0
55;76;133;133;0
50;93;124;124;0
70;95;149;149;0
62;85;150;150;0
57;90;126;126;0
63;83;137;137;0
47;86;118;118;0
64;70;132;132;0
75;74;149;149;0
64;81;130;130;0
69;62;135;135;0
71;86;139;139;0
54;90;125;125;0
67;81;135;135;0
60;87;144;144;0
66;96;142;142;0
46;75;127;127;0
57;86;130;130;0
49;76;132;132;0
56;91;131;131;0
52;95;123;123;0
53;70;130;130;0
48;84;134;134;0
57;85;133;133;0
47;78;119;119;0
63;84;138;138;0
65;84;144;144;0
60;81;122;122;0
49;79;119;119;0
49;78;118;118;0
45;82;110;110;0
56;74;124;124;0
59;84;133;133;0
66;78;136;136;0
39;74;97;97;0
54;79;133;133;0
45;88;116;116;0
47;69;122;122;0
50;74;121;121;0
43;71;102;102;0
55;68;123;123;0
65;74;134;134;0
47;66;119;119;0
47;66;117;117;0
54;68;124;124;0
62;71;122;122;0
49;68;125;125;0
55;84;129;129;0
47;76;107;107;0
56;81;120;120;0
41;73;104;104;0
51;83;121;121;0
42;75;103;103;0
56;71;113;113;0
64;77;128;128;0
51;86;112;112;0
56;76;119;119;0
36;72;88;88;0
51;75;125;125;0
59;79;125;125;0
52;62;120;120;0
44;70;115;115;0
46;69;107;107;0
50;65;109;109;0
44;68;114;114;0
42;74;104;104;0
39;70;81;81;0
41;58;110;110;0
40;79;93;93;0
37;71;104;104;0
63;75;114;114;0
49;71;118;118;0
39;59;102;102;0
40;68;102;102;0
32;69;90;90;0
46;72;104;104;0
44;70;102;102;0
36;70;103;103;0
40;60;88;88;0
48;76;112;112;0
36;74;94;94;0
34;60;103;103;0
46;64;106;106;0
44;63;92;92;0
46;70;98;98;0
38;61;89;89;0
43;57;101;101;0
40;64;97;97;0
46;61;105;105;0
56;63;123;123;0
42;52;94;94;0
46;74;99;99;0
41;66;106;106;0
21;68;73;73;0
33;71;101;101;0
35;61;86;86;0
46;59;106;106;0
46;70;97;97;0
39;62;100;100;0
40;42;85;85;0
39;69;86;86;0
38;53;98;98;0
36;67;88;88;0
51;51;110;110;0
33;69;87;87;0
35;63;95;95;0
32;62;93;93;0
29;58;84;84;0
39;58;87;87;0
35;58;88;88;0
38;67;86;86;0
29;48;79;79;0
37;64;89;89;0
33;58;87;87;0
52;69;121;121;0
35;60;89;89;0
21;48;68;68;0
39;52;97;97;0
32;51;83;83;0
25;58;95;95;0
35;57;89;89;0
35;59;86;86;0
30;67;76;76;0
38;52;76;76;0
36;53;87;87;0
36;65;89;89;0
32;52;75;75;0
34;68;90;90;0
20;51;76;76;0
35;60;84;84;0
42;51;94;94;0
32;61;79;79;0
40;45;83;83;0
39;47;92;92;0
36;60;87;87;0
32;52;74;74;0
35;59;83;83;0
36;54;89;89;0
35;60;86;86;0
34;61;103;103;0
27;55;61;61;0
36;48;86;86;0
30;53;86;86;0
35;48;79;79;0
29;50;79;79;0
38;52;81;81;0
39;54;90;90;0
24;69;73;73;0
23;54;75;75;0
27;47;66;66;0
37;58;84;84;0
20;51;59;59;0
32;70;86;86;0
34;54;86;86;0
34;51;81;81;0
29;46;69;69;0
27;38;91;91;0
27;51;84;84;0
33;53;85;85;0
30;43;66;66;0
33;56;83;83;0
29;56;64;64;0
25;49;71;71;0
33;52;83;83;0
23;47;69;69;0
32;43;82;82;0
32;53;82;82;0
27;51;61;61;0
27;42;63;63;0
27;48;66;66;0
34;53;63;63;0
37;51;80;80;0
31;69;67;67;0
23;34;76;76;0
29;50;71;71;0
35;56;73;73;0
30;44;66;66;0
29;50;67;67;0
30;43;84;84;0
22;51;64;64;0
31;49;74;74;0
30;52;63;63;0
28;39;68;68;0
32;47;64;64;0
22;39;61;61;0
27;54;60;60;0
26;52;72;72;0
26;47;68;68;0
26;40;63;63;0
31;64;75;75;0
33;57;77;77;0
21;52;62;62;0
26;36;63;63;0
26;50;69;69;0
26;35;71;71;0
25;46;64;64;0
19;50;61;61;0
17;46;57;57;0
25;50;71;71;0
24;50;64;64;0
27;34;80;80;0
25;36;66;66;0
22;39;58;58;0
23;29;68;68;0
19;43;57;57;0
18;36;60;60;0
18;53;63;63;0
22;42;55;55;0
25;38;55;55;0
23;36;54;54;0
22;38;57;57;0
18;54;58;58;0
16;42;45;45;0
19;43;44;44;0
22;33;59;59;0
25;40;65;65;0
17;32;46;46;0
21;39;60;60;0
23;33;72;72;0
23;46;51;51;0
21;42;52;52;0
20;37;55;55;0
14;44;50;50;0
19;44;62;62;0
24;41;44;44;0
23;37;52;52;0
19;43;50;50;0
18;45;55;55;0
18;39;54;54;0
27;42;55;55;0
24;40;63;63;0
24;46;48;48;0
20;40;59;59;0
18;53;53;53;0
17;41;60;60;0
18;36;57;57;0
15;45;51;51;0
14;38;44;44;0
19;42;46;46;0
15;45;47;47;0
18;33;64;64;0
18;30;55;55;0
15;31;52;52;0
18;35;48;48;0
19;40;49;49;0
20;29;54;54;0
23;25;58;58;0
18;37;44;44;0
15;40;46;46;0
15;29;49;49;0
20;39;54;54;0
21;49;54;54;0
20;28;64;64;0
13;31;45;45;0
18;35;44;44;0
17;36;53;53;0
12;43;40;40;0
12;20;55;55;0
16;29;40;40;0
15;31;49;49;0
19;37;49;49;0
14;36;44;44;0
21;28;49;49;0
17;39;45;45;0
22;24;59;59;0
17;39;49;49;0
17;35;51;51;0
16;43;50;50;0
21;39;42;42;0
13;36;34;34;0
19;30;59;59;0
20;27;61;61;0
15;32;45;45;0
15;46;46;46;0
16;37;52;52;0
7;37;41;41;0
10;30;47;47;0
16;30;46;46;0
11;34;34;34;0
14;35;50;50;0
15;26;49;49;0
15;31;50;50;0
21;34;59;59;0
12;34;37;37;0
18;33;54;54;0
18;44;44;44;0
19;32;41;41;0
14;26;58;58;0
7;36;52;52;0
14;28;41;41;0
20;43;48;48;0
16;24;42;42;0
11;34;36;36;0
13;30;41;41;0
12;30;32;32;0
15;28;43;43;0
18;28;42;42;0
13;37;32;32;0
18;32;39;39;0
12;34;57;57;0
22;34;57;57;0
12;21;42;42;0
10;21;33;33;0
11;40;41;41;0
14;41;50;50;0
11;30;41;41;0
17;31;51;51;0
18;36;57;57;0
13;34;40;40;0
10;37;40;40;0
13;30;33;33;0
16;23;41;41;0
14;36;36;36;0
11;34;41;41;0
12;35;54;54;0
14;38;48;48;0
14;25;24;24;0
19;36;50;50;0
13;26;34;34;0
15;22;38;38;0
17;44;43;43;0
12;45;41;41;0
12;27;41;41;0
10;28;38;38;0
6;26;33;33;0
16;25;50;50;0
14;28;39;39;0
15;20;40;40;0
8;28;36;36;0
11;24;38;38;0
5;19;45;45;0
8;21;35;35;0
12;45;34;34;0
8;35;36;36;0
17;30;43;43;0
13;23;35;35;0
12;30;46;46;0
10;36;41;41;0
8;30;37;37;0
10;34;35;35;0
11;39;32;32;0
7;27;39;39;0
7;30;37;37;0
9;20;34;34;0
10;25;37;37;0
10;22;39;39;0
12;30;34;34;0
18;42;47;47;0
9;34;35;35;0
7;10;35;35;0
9;31;38;38;0
12;21;38;38;0
11;23;31;31;0
7;26;27;27;0
5;29;32;32;0
14;29;43;43;0
7;28;36;36;0
15;27;41;41;0
6;34;36;36;0
7;25;36;36;0
7;25;38;38;0
14;28;43;43;0
17;27;49;49;0
8;40;33;33;0
12;27;57;57;0
14;22;40;40;0
4;28;24;24;0
8;26;28;28;0
15;22;38;38;0
11;34;33;33;0
6;31;30;30;0
4;29;31;31;0
12;25;38;38;0
12;21;35;35;0
10;32;30;30;0
13;30;30;30;0
14;25;37;37;0
8;27;35;35;0
11;29;41;41;0
13;22;42;42;0
11;29;25;25;0
5;26;28;28;0
9;28;32;32;0
6;29;24;24;0
10;26;34;34;0
8;20;37;37;0
9;20;30;30;0
9;27;27;27;0
9;29;32;32;0
10;29;28;28;0
11;26;34;34;0
6;30;25;25;0
8;29;31;31;0
7;31;26;26;0
6;29;27;27;0
12;32;39;39;0
10;25;31;31;0
10;45;32;32;0
11;26;38;38;0
7;20;29;29;0
8;20;29;29;0
10;23;30;30;0
6;22;36;36;0
11;24;26;26;0
5;27;29;29;0
7;26;29;29;0
13;23;29;29;0
14;20;37;37;0
6;17;27;27;0
10;23;35;35;0
3;27;23;23;0
5;30;33;33;0
9;29;33;33;0
4;14;26;26;0
4;23;27;27;0
7;23;32;32;0
3;18;22;22;0
6;24;21;21;0
8;29;25;25;0
2;21;23;23;0
7;18;30;30;0
10;23;32;32;0
9;18;40;40;0
8;23;26;26;0
7;19;35;35;0
15;23;47;47;0
11;19;32;32;0
7;21;25;25;0
7;27;30;30;0
8;21;25;25;0
7;22;31;31;0
6;27;27;27;0
8;22;30;30;0
14;21;28;28;0
7;20;24;24;0
14;30;42;42;0
7;15;25;25;0
9;24;33;33;0
7;22;22;22;0
6;16;25;25;0
11;23;33;33;0
12;21;30;30;0
9;25;34;34;0
5;20;22;22;0
9;28;25;25;0
5;24;27;27;0
7;22;31;31;0
3;23;21;21;0
6;25;21;21;0
3;19;30;30;0
10;15;27;27;0
8;17;24;24;0
4;21;31;31;0
5;23;24;24;0
1;22;20;20;0
7;31;31;31;0
10;18;28;28;0
8;28;29;29;0
10;32;31;31;0
9;21;25;25;0
8;18;30;30;0
3;23;23;23;0
8;17;34;34;0
3;24;27;27;0
8;21;28;28;0
10;22;38;38;0
5;14;25;25;0
8;17;23;23;0
6;28;24;24;0
8;18;24;24;0
8;24;35;35;0
4;15;25;25;0
7;19;18;18;0
7;22;25;25;0
5;18;26;26;0
4;25;22;22;0
8;17;22;22;0
7;16;24;24;0
5;22;24;24;0
2;24;24;24;0
7;18;26;26;0
5;15;29;29;0
6;27;24;24;0
3;17;26;26;0
6;16;18;18;0
6;27;28;28;0
3;19;19;19;0
7;19;25;25;0
1;24;18;18;0
8;18;34;34;0
6;21;23;23;0
5;21;29;29;0
9;16;26;26;0
8;22;27;27;0
4;20;17;17;0
9;26;20;20;0
5;24;36;36;0
5;20;26;26;0
5;28;28;28;0
5;20;28;28;0
4;15;24;24;0
7;18;30;30;0
6;16;24;24;0
4;27;33;33;0
3;21;22;22;0
3;11;24;24;0
1;18;15;15;0
4;21;23;23;0
5;18;17;17;0
3;14;24;24;0
3;17;24;24;0
5;19;20;20;0
1;22;22;22;0
3;19;25;25;0
6;24;26;26;0
6;18;30;30;0
4;23;20;20;0
6;12;14;14;0
4;22;25;25;0
7;16;21;21;0
3;18;22;22;0
3;17;26;26;0
5;26;18;18;0
7;17;27;27;0
4;24;19;19;0
5;17;27;27;0
10;19;33;33;0
9;13;26;26;0
5;11;16;16;0
5;31;37;37;0
2;21;15;15;0
5;23;16;16;0
12;23;32;32;0
9;20;28;28;0
6;23;22;22;0
4;18;27;27;0
3;29;23;23;0
2;19;30;30;0
5;21;20;20;0
2;14;24;24;0
3;19;26;26;0
4;12;21;21;0
1;21;16;16;0
4;21;11;11;0
8;15;29;29;0
7;21;22;22;0
3;22;20;20;0
3;20;19;19;0
7;24;30;30;0
7;16;30;30;0
3;8;20;20;0
1;21;18;18;0
6;14;22;22;0
4;19;23;23;0
2;23;19;19;0
3;13;18;18;0
3;20;12;12;0
2;15;21;21;0
7;22;23;23;0
2;23;15;15;0
5;17;27;27;0
4;11;15;15;0
3;32;17;17;0
6;13;17;17;0
4;11;20;20;0
3;20;15;15;0
4;19;20;20;0
1;16;21;21;0
3;23;27;27;0
3;20;13;13;0
6;28;25;25;0
8;15;29;29;0
7;22;19;19;0
1;23;13;13;0
5;17;21;21;0
4;15;30;30;0
6;7;21;21;0
2;21;12;12;0
4;15;20;20;0
5;17;21;21;0
5;16;19;19;0
4;23;20;20;0
3;23;19;19;0
5;17;19;19;0
9;17;25;25;0
5;16;21;21;0
5;19;22;22;0
4;17;15;15;0
6;15;23;23;0
3;9;18;18;0
1;19;25;25;0
4;16;22;22;0
3;13;18;18;0
3;22;23;23;0
4;11;19;19;0
6;14;24;24;0
3;11;20;20;0
5;16;27;27;0
1;12;21;21;0
2;16;13;13;0
4;20;25;25;0
4;24;16;16;0
2;10;22;22;0
4;19;19;19;0
3;21;17;17;0
6;12;23;23;0
3;12;20;20;0
2;16;16;16;0
5;26;15;15;0
2;15;9;9;0
4;10;16;16;0
6;16;15;15;0
4;16;24;24;0
2;14;17;17;0
2;16;15;15;0
2;16;21;21;0
2;14;13;13;0
2;16;19;19;0
1;16;18;18;0
5;17;30;30;0
3;11;21;21;0
3;17;19;19;0
2;15;16;16;0
4;24;17;17;0
4;18;15;15;0
1;15;11;11;0
2;20;16;16;0
4;15;20;20;0
1;18;19;19;0
2;17;12;12;0
2;22;22;22;0
4;20;22;22;0
3;11;14;14;0
6;21;16;16;0
6;12;24;24;0
1;20;19;19;0
4;15;17;17;0
5;14;21;21;0
1;17;16;16;0
8;17;21;21;0
1;14;11;11;0
1;10;15;15;0
1;7;12;12;0
6;12;18;18;0
2;9;18;18;0
5;20;20;20;0
3;15;21;21;0
3;13;12;12;0
1;19;13;13;0
4;11;10;10;0
4;17;13;13;0
4;17;16;16;0
3;25;22;22;0
5;18;16;16;0
3;16;11;11;0
1;14;17;17;0
1;13;18;18;0
2;11;15;15;0
4;10;18;18;0
3;14;19;19;0
3;16;24;24;0
2;18;13;13;0
4;10;17;17;0
0;20;13;13;0
2;18;25;25;0
1;11;12;12;0
3;10;12;12;0
2;18;25;25;0
2;18;12;12;0
4;13;19;19;0
5;16;18;18;0
2;15;19;19;0
0;13;12;12;0
3;10;22;22;0
1;14;10;10;0
0;11;14;14;0
2;12;15;15;0
1;16;11;11;0
2;15;9;9;0
5;18;20;20;0
1;9;18;18;0
3;12;16;16;0
2;6;14;14;0
1;9;17;17;0
1;12;19;19;0
4;19;18;18;0
4;11;20;20;0
2;8;12;12;0
1;16;20;20;0
1;17;16;16;0
2;13;17;17;0
2;14;14;14;0
2;16;14;14;0
2;21;14;14;0
3;11;11;11;0
3;13;21;21;0
3;13;14;14;0
2;23;13;13;0
3;11;16;16;0
3;9;12;12;0
0;23;10;10;0
4;10;22;22;0
2;15;13;13;0
5;13;16;16;0
2;17;11;11;0
3;12;10;10;0
1;19;11;11;0
2;9;19;19;0
7;14;18;18;0
1;13;15;15;0
0;10;12;12;0
5;7;23;23;0
2;15;13;13;0
4;17;14;14;0
0;13;11;11;0
2;12;17;17;0
5;16;15;15;0
2;18;22;22;0
2;14;12;12;0
5;16;15;15;0
4;10;23;23;0
0;19;10;10;0
0;15;12;12;0
1;15;15;15;0
2;12;10;10;0
5;12;15;15;0
2;12;15;15;0
1;8;19;19;0
2;18;11;11;0
4;11;16;16;0
3;11;15;15;0
0;13;7;7;0
3;9;19;19;0
2;10;18;18;0
2;18;15;15;0
3;11;13;13;0
4;11;24;24;0
7;9;14;14;0
2;7;14;14;0
2;10;22;22;0
1;17;17;17;0
2;11;15;15;0
3;14;18;18;0
2;12;14;14;0
1;18;12;12;0
1;11;16;16;0
4;10;17;17;0
1;11;12;12;0
2;15;14;14;0
1;10;13;13;0
3;20;15;15;0
3;10;10;10;0
0;10;8;8;0
1;19;13;13;0
1;10;14;14;0
1;12;19;19;0
3;14;21;21;0
5;8;18;18;0
7;10;16;16;0
4;13;20;20;0
1;18;12;12;0
1;9;8;8;0
2;12;10;10;0
0;12;8;8;0
3;7;13;13;0
0;16;13;13;0
3;16;16;16;0
4;13;9;9;0
2;10;14;14;0
2;20;13;13;0
1;7;8;8;0
4;12;13;13;0
2;20;17;17;0
1;16;10;10;0
1;13;11;11;0
1;15;15;15;0
2;12;9;9;0
1;11;10;10;0
0;15;10;10;0
3;13;17;17;0
3;11;12;12;0
0;12;12;12;0
2;12;12;12;0
4;12;16;16;0
1;7;13;13;0
4;8;18;18;0
4;12;20;20;0
0;13;8;8;0
1;18;12;12;0
2;18;10;10;0
1;13;16;16;0
1;9;7;7;0
2;16;11;11;0
3;11;14;14;0
2;7;12;12;0
3;8;11;11;0
1;8;14;14;0
1;10;14;14;0
3;13;14;14;0
0;13;9;9;0
3;5;11;11;0
1;12;15;15;0
0;11;9;9;0
2;7;15;15;0
0;9;7;7;0
3;15;17;17;0
1;9;10;10;0
1;10;7;7;0
0;14;10;10;0
2;7;12;12;0
2;9;13;13;0
0;10;10;10;0
1;14;15;15;0
4;9;13;13;0
3;12;20;20;0
2;10;9;9;0
3;12;11;11;0
1;12;18;18;0
1;14;15;15;0
2;16;18;18;0
0;8;16;16;0
1;11;17;17;0
3;8;16;16;0
5;15;18;18;0
3;6;12;12;0
0;9;18;18;0
0;11;7;7;0
2;10;17;17;0
1;8;15;15;0
1;13;12;12;0
2;13;21;21;0
1;11;16;16;0
0;9;16;16;0
0;8;6;6;0
1;14;13;13;0
0;9;10;10;0
2;13;7;7;0
1;7;8;8;0
3;14;9;9;0
4;9;14;14;0
1;6;10;10;0
2;10;16;16;0
0;10;13;13;0
5;11;15;15;0
2;10;19;19;0
1;14;11;11;0
3;9;12;12;0
1;17;8;8;0
1;7;10;10;0
0;8;11;11;0
0;17;10;10;0
2;14;9;9;0
3;16;13;13;0
1;16;11;11;0
3;16;15;15;0
0;13;8;8;0
3;13;22;22;0
1;9;11;11;0
1;18;22;22;0
1;7;12;12;0
3;15;12;12;0
0;14;9;9;0
1;11;9;9;0
5;19;17;17;0
0;15;12;12;0
0;16;9;9;0
0;6;19;19;0
0;12;7;7;0
4;10;16;16;0
2;5;20;20;0
1;7;10;10;0
0;6;11;11;0
3;10;18;18;0
1;9;20;20;0
2;14;8;8;0
1;13;9;9;0
2;10;19;19;0
1;17;8;8;0
0;10;14;14;0
1;9;10;10;0
1;7;11;11;0
1;9;13;13;0
4;11;20;20;0
1;10;15;15;0
0;7;6;6;0
1;10;13;13;0
2;10;12;12;0
0;12;14;14;0
1;8;17;17;0
3;19;16;16;0
2;10;9;9;0
1;21;13;13;0
0;11;10;10;0
1;9;10;10;0
1;9;18;18;0
0;8;8;8;0
0;12;9;9;0
0;12;9;9;0
2;9;8;8;0
3;19;16;16;0
3;7;9;9;0
3;12;9;9;0
1;18;16;16;0
0;9;12;12;0
0;11;12;12;0
0;15;13;13;0
3;19;11;11;0
0;6;15;15;0
0;8;7;7;0
0;17;10;10;0
1;7;12;12;0
2;14;7;7;0
1;9;10;10;0
0;10;4;4;0
1;12;14;14;0
0;16;9;9;0
1;14;10;10;0
3;6;13;13;0
2;12;12;12;0
1;10;11;11;0
2;14;16;16;0
1;16;9;9;0
2;13;15;15;0
0;7;6;6;0
2;12;10;10;0
0;10;11;11;0
0;9;9;9;0
0;17;8;8;0
1;8;11;11;0
3;9;15;15;0
3;9;12;12;0
1;6;9;9;0
2;13;16;16;0
0;6;10;10;0
1;6;9;9;0
1;15;7;7;0
2;12;10;10;0
0;12;10;10;0
1;13;9;9;0
1;8;12;12;0
3;15;12;12;0
2;7;13;13;0
1;10;8;8;0
3;11;18;18;0
2;5;17;17;0
0;9;11;11;0
3;4;15;15;0
3;13;15;15;0
2;9;7;7;0
2;9;8;8;0
2;10;12;12;0
1;10;13;13;0
0;10;10;10;0
0;14;11;11;0
0;8;9;9;0
1;13;8;8;0
1;6;10;10;0
0;8;13;13;0
1;11;10;10;0
0;9;13;13;0
1;8;14;14;0
1;10;8;8;0
0;12;5;5;0
0;9;14;14;0
0;8;10;10;0
1;14;11;11;0
0;10;17;17;0
1;8;11;11;0
3;6;11;11;0
1;8;8;8;0
1;10;10;10;0
1;8;14;14;0
0;11;15;15;0
1;9;6;6;0
1;11;6;6;0
0;7;7;7;0
1;15;11;11;0
1;15;10;10;0
2;11;13;13;0
1;12;8;8;0
0;12;14;14;0
0;5;11;11;0
0;6;7;7;0
2;10;14;14;0
2;12;13;13;0
0;10;6;6;0
0;11;14;14;0
0;9;16;16;0
1;7;9;9;0
1;9;9;9;0
0;13;7;7;0
1;9;11;11;0
1;13;11;11;0
0;13;4;4;0
0;7;8;8;0
2;5;8;8;0
2;14;8;8;0
1;10;13;13;0
3;10;16;16;0
0;17;10;10;0
0;10;5;5;0
0;8;10;10;0
0;7;9;9;0
1;9;9;9;0
0;13;11;11;0
1;15;11;11;0
0;5;9;9;0
2;5;11;11;0
0;7;9;9;0
1;10;12;12;0
1;9;18;18;0
2;11;7;7;0
0;7;10;10;0
0;14;14;14;0
1;11;8;8;0
1;7;6;6;0
2;12;11;11;0
2;11;13;13;0
1;6;13;13;0
0;14;7;7;0
1;16;9;9;0
0;8;12;12;0
1;8;12;12;0
0;7;8;8;0
1;10;13;13;0
0;10;7;7;0
2;4;14;14;0
1;8;9;9;0
1;6;13;13;0
1;6;12;12;0
0;12;8;8;0
0;13;10;10;0
1;10;11;11;0
0;5;1;1;0
1;10;7;7;0
2;9;14;14;0
0;8;9;9;0
0;11;10;10;0
1;10;9;9;0
1;9;9;9;0
0;9;16;16;0
0;9;8;8;0
1;11;9;9;0
3;17;13;13;0
1;5;17;17;0
0;10;9;9;0
1;14;14;14;0
3;7;13;13;0
1;5;7;7;0
1;9;14;14;0
1;11;10;10;0
0;12;7;7;0
1;7;3;3;0
3;8;11;11;0
1;12;10;10;0
1;11;7;7;0
0;8;8;8;0
0;12;11;11;0
1;7;11;11;0
1;12;4;4;0
2;8;5;5;0
3;12;13;13;0
0;11;12;12;0
1;8;16;16;0
1;10;11;11;0
0;10;13;13;0
1;1;7;7;0
2;6;11;11;0
0;12;11;11;0
0;9;9;9;0
0;10;12;12;0
0;8;10;10;0
1;8;14;14;0
3;16;14;14;0
3;8;12;12;0
1;8;11;11;0
0;10;14;14;0
0;16;8;8;0
0;9;10;10;0
0;13;4;4;0
0;10;8;8;0
1;6;14;14;0
1;13;11;11;0
0;9;8;8;0
1;7;10;10;0
0;2;3;3;0
0;8;9;9;0
0;9;9;9;0
1;6;15;15;0
0;8;9;9;0
0;11;15;15;0
0;10;6;6;0
1;3;11;11;0
0;3;5;5;0
0;10;10;10;0
1;12;11;11;0
3;15;9;9;0
1;10;8;8;0
1;13;9;9;0
0;6;10;10;0
0;9;9;9;0
2;11;12;12;0
1;9;10;10;0
1;12;11;11;0
0;10;11;11;0
1;13;8;8;0
0;11;12;12;0
1;9;13;13;0
1;10;10;10;0
0;14;9;9;0
1;8;6;6;0
0;10;9;9;0
0;4;6;6;0
3;8;7;7;0
2;13;9;9;0
1;10;8;8;0
1;8;13;13;0
0;9;10;10;0
0;3;8;8;0
1;9;5;5;0
0;9;11;11;0
0;14;7;7;0
1;9;4;4;0
0;15;4;4;0
1;6;14;14;0
2;10;8;8;0
0;5;12;12;0
1;10;13;13;0
0;10;8;8;0
0;6;3;3;0
0;7;8;8;0
1;8;8;8;0
2;10;7;7;0
2;9;10;10;0
0;10;12;12;0
4;9;13;13;0
0;10;8;8;0
1;11;11;11;0
2;7;5;5;0
2;12;11;11;0
0;12;11;11;0
0;9;6;6;0
0;9;9;9;0
2;5;7;7;0
0;9;11;11;0
0;6;5;5;0
0;4;10;10;0
0;7;8;8;0
0;7;5;5;0
1;12;8;8;0
0;10;4;4;0
1;8;9;9;0
0;4;9;9;0
0;11;7;7;0
1;7;10;10;0
0;3;13;13;0
2;4;7;7;0
0;13;8;8;0
0;6;6;6;0
2;12;12;12;0
0;12;6;6;0
0;8;5;5;0
0;3;9;9;0
1;8;9;9;0
0;7;6;6;0
2;5;10;10;0
1;8;12;12;0
0;12;6;6;0
0;9;7;7;0
0;8;8;8;0
0;10;13;13;0
2;3;8;8;0
0;9;10;10;0
0;11;7;7;0
1;6;4;4;0
0;9;7;7;0
0;5;3;3;0
0;11;8;8;0
0;5;7;7;0
0;10;14;14;0
1;8;10;10;0
2;5;12;12;0
2;7;12;12;0
0;4;9;9;0
0;8;11;11;0
0;9;4;4;0
1;7;15;15;0
1;9;4;4;0
0;13;6;6;0
0;5;12;12;0
2;8;10;10;0
0;6;10;10;0
2;10;9;9;0
1;6;2;2;0
1;5;7;7;0
2;9;6;6;0
1;8;10;10;0
0;6;8;8;0
1;8;10;10;0
1;11;6;6;0
0;6;9;9;0
1;7;8;8;0
1;8;10;10;0
0;13;5;5;0
1;6;7;7;0
1;10;11;11;0
1;7;8;8;0
0;3;2;2;0
0;7;6;6;0
0;3;8;8;0
2;8;8;8;0
0;7;8;8;0
0;14;5;5;0
1;9;6;6;0
0;10;7;7;0
1;10;4;4;0
0;9;3;3;0
0;11;8;8;0
1;4;3;3;0
0;14;9;9;0
0;3;7;7;0
1;6;6;6;0
3;12;17;17;0
0;8;10;10;0
1;10;8;8;0
2;7;13;13;0
2;1;8;8;0
2;6;6;6;0
0;4;6;6;0
0;9;5;5;0
2;8;13;13;0
1;9;10;10;0
1;5;3;3;0
0;9;4;4;0
0;7;6;6;0
0;9;2;2;0
0;5;9;9;0
0;6;9;9;0
1;10;5;5;0
0;7;6;6;0
0;2;7;7;0
0;6;10;10;0
0;8;3;3;0
1;6;10;10;0
1;8;13;13;0
0;5;7;7;0
0;5;8;8;0
0;7;8;8;0
2;3;7;7;0
0;3;5;5;0
1;8;10;10;0
0;2;2;2;0
0;9;4;4;0
0;7;6;6;0
1;5;9;9;0
1;14;10;10;0
1;10;6;6;0
0;7;7;7;0
0;11;7;7;0
1;6;8;8;0
0;4;9;9;0
0;6;8;8;0
1;5;7;7;0
1;11;9;9;0
0;9;8;8;0
1;2;4;4;0
0;4;9;9;0
0;6;6;6;0
1;2;13;13;0
0;9;9;9;0
0;9;5;5;0
0;4;4;4;0
0;6;2;2;0
1;7;11;11;0
0;10;8;8;0
1;3;5;5;0
0;9;3;3;0
1;12;11;11;0
0;7;7;7;0
1;8;7;7;0
1;8;10;10;0
0;5;7;7;0
0;5;5;5;0
0;9;6;6;0
0;2;4;4;0
0;4;6;6;0
0;6;9;9;0
0;8;14;14;0
0;9;8;8;0
1;5;8;8;0
0;7;4;4;0
1;7;4;4;0
0;7;6;6;0
0;9;4;4;0
1;8;6;6;0
0;6;11;11;0
1;8;6;6;0
0;8;11;11;0
1;3;5;5;0
1;9;10;10;0
0;6;14;14;0
0;12;10;10;0
0;9;7;7;0
0;5;6;6;0
2;4;10;10;0
0;2;10;10;0
0;10;3;3;0
1;8;10;10;0
1;4;3;3;0
0;3;7;7;0
0;10;9;9;0
0;7;10;10;0
1;6;12;12;0
1;9;8;8;0
0;7;11;11;0
0;5;4;4;0
0;6;5;5;0
0;4;11;11;0
0;6;8;8;0
0;9;2;2;0
4;14;8;8;0
0;8;4;4;0
0;7;6;6;0
0;4;7;7;0
1;3;8;8;0
0;6;10;10;0
0;4;6;6;0
1;5;7;7;0
1;11;14;14;0
0;5;8;8;0
0;11;8;8;0
0;4;4;4;0
0;9;6;6;0
0;14;5;5;0
0;10;3;3;0
0;7;7;7;0
1;6;3;3;0
3;8;5;5;0
1;10;13;13;0
0;3;12;12;0
0;9;4;4;0
0;2;6;6;0
2;7;7;7;0
0;9;8;8;0
0;10;8;8;0
0;11;4;4;0
1;7;5;5;0
0;11;7;7;0
0;4;9;9;0
0;5;4;4;0
0;11;6;6;0
0;8;7;7;0
1;2;8;8;0
1;4;3;3;0
0;4;10;10;0
1;6;6;6;0
0;7;4;4;0
1;7;8;8;0
0;10;7;7;0
0;6;5;5;0
0;6;8;8;0
1;13;6;6;0
0;8;6;6;0
0;8;6;6;0
2;4;13;13;0
1;6;5;5;0
0;5;4;4;0
1;3;4;4;0
1;7;8;8;0
0;2;6;6;0
0;2;5;5;0
2;12;8;8;0
2;12;8;8;0
0;4;7;7;0
1;6;7;7;0
2;5;6;6;0
1;8;11;11;0
1;8;5;5;0
0;4;8;8;0
1;4;9;9;0
0;7;6;6;0
0;9;5;5;0
1;4;6;6;0
0;6;6;6;0
0;7;7;7;0
1;7;9;9;0
1;2;6;6;0
0;10;9;9;0
0;5;10;10;0
1;4;5;5;0
0;7;6;6;0
0;7;5;5;0
0;5;8;8;0
0;8;8;8;0
1;5;6;6;0
0;6;4;4;0
0;6;10;10;0
0;11;4;4;0
0;4;10;10;0
2;4;5;5;0
0;3;7;7;0
0;7;7;7;0
0;6;4;4;0
0;5;3;3;0
0;6;6;6;0
0;6;9;9;0
0;7;5;5;0
0;6;6;6;0
0;4;7;7;0
0;10;4;4;0
3;4;7;7;0
0;8;8;8;0
0;8;11;11;0
1;6;7;7;0
0;5;9;9;0
0;5;4;4;0
1;6;7;7;0
0;7;5;5;0
1;8;7;7;0
0;5;2;2;0
0;9;5;5;0
0;10;3;3;0
0;4;12;12;0
1;6;7;7;0
1;5;3;3;0
1;8;5;5;0
0;8;10;10;0
2;5;5;5;0
1;4;6;6;0
1;10;8;8;0
0;4;3;3;0
0;10;5;5;0
0;3;4;4;0
0;7;3;3;0
0;7;11;11;0
1;4;6;6;0
1;3;6;6;0
0;6;6;6;0
0;9;8;8;0
0;5;9;9;0
0;6;5;5;0
0;7;6;6;0
0;4;6;6;0
1;4;5;5;0
0;8;4;4;0
0;11;8;8;0
0;6;4;4;0
0;9;3;3;0
0;4;7;7;0
0;6;2;2;0
0;5;5;5;0
0;6;1;1;0
2;2;9;9;0
0;5;5;5;0
1;3;5;5;0
0;12;6;6;0
1;6;7;7;0
0;2;5;5;0
0;4;6;6;0
0;10;2;2;0
0;3;4;4;0
0;5;4;4;0
0;7;3;3;0
1;3;6;6;0
1;5;9;9;0
1;4;9;9;0
1;3;7;7;0
0;11;3;3;0
0;5;3;3;0
0;5;7;7;0
1;6;7;7;0
0;8;9;9;0
0;9;6;6;0
0;5;3;3;0
0;6;7;7;0
1;6;7;7;0
0;4;5;5;0
2;4;9;9;0
0;8;9;9;0
1;4;4;4;0
0;3;2;2;0
1;7;5;5;0
1;2;11;11;0
0;5;2;2;0
0;1;7;7;0
1;7;10;10;0
0;5;7;7;0
0;4;11;11;0
1;6;7;7;0
0;6;3;3;0
1;5;9;9;0
0;6;4;4;0
0;2;8;8;0
0;4;4;4;0
0;4;5;5;0
3;3;8;8;0
1;5;2;2;0
0;8;2;2;0
0;8;4;4;0
0;6;3;3;0
0;3;8;8;0
0;3;6;6;0
0;7;3;3;0
0;6;3;3;0
0;9;3;3;0
0;6;5;5;0
0;3;4;4;0
1;7;6;6;0
1;6;4;4;0
0;5;6;6;0
0;7;4;4;0
0;9;10;10;0
0;3;2;2;0
0;2;5;5;0
0;4;8;8;0
0;10;3;3;0
1;2;7;7;0
0;7;5;5;0
0;9;8;8;0
0;7;7;7;0
0;11;4;4;0
1;6;3;3;0
1;3;2;2;0
0;8;5;5;0
0;4;3;3;0
1;8;2;2;0
0;4;3;3;0
0;5;4;4;0
0;5;9;9;0
0;1;9;9;0
0;2;3;3;0
3;4;9;9;0
0;3;8;8;0
0;8;4;4;0
1;6;5;5;0
0;3;5;5;0
1;3;5;5;0
0;3;5;5;0
0;5;7;7;0
0;4;5;5;0
0;5;6;6;0
0;3;3;3;0
0;6;3;3;0
1;4;6;6;0
0;10;2;2;0
0;2;8;8;0
0;5;8;8;0
0;8;7;7;0
0;3;6;6;0
2;6;3;3;0
1;5;6;6;0
0;8;5;5;0
0;7;4;4;0
0;4;9;9;0
0;2;4;4;0
0;1;8;8;0
0;5;4;4;0
0;3;7;7;0
0;1;6;6;0
0;3;8;8;0
0;4;6;6;0
0;9;5;5;0
0;9;6;6;0
0;3;5;5;0
0;6;6;6;0
0;8;5;5;0
1;4;4;4;0
1;4;7;7;0
0;5;4;4;0
1;4;9;9;0
0;5;6;6;0
1;7;5;5;0
0;5;4;4;0
0;6;3;3;0
0;3;5;5;0
0;3;4;4;0
0;5;6;6;0
0;2;9;9;0
1;8;6;6;0
0;8;3;3;0
1;7;4;4;0
0;6;5;5;0
0;1;3;3;0
0;5;6;6;0
2;5;9;9;0
0;4;5;5;0
1;9;3;3;0
1;4;6;6;0
0;8;8;8;0
0;4;8;8;0
1;7;8;8;0
0;6;5;5;0
0;8;6;6;0
0;6;2;2;0
1;5;7;7;0
0;6;5;5;0
0;5;2;2;0
0;6;6;6;0
0;5;4;4;0
1;3;5;5;0
1;6;6;6;0
0;4;7;7;0
0;8;1;1;0
0;6;2;2;0
1;4;8;8;0
0;4;2;2;0
0;3;6;6;0
0;5;3;3;0
2;4;9;9;0
0;6;7;7;0
0;9;8;8;0
0;5;2;2;0
1;3;11;11;0
1;3;6;6;0
0;5;10;10;0
0;3;2;2;0
0;6;4;4;0
0;7;3;3;0
0;5;2;2;0
1;2;5;5;0
0;5;3;3;0
1;8;11;11;0
0;8;6;6;0
0;7;5;5;0
0;5;7;7;0
0;6;4;4;0
0;2;3;3;0
0;6;5;5;0
0;5;4;4;0
1;2;9;9;0
2;6;9;9;0
0;4;3;3;0
0;4;3;3;0
1;5;7;7;0
0;7;4;4;0
1;1;5;5;0
0;2;4;4;0
2;7;7;7;0
0;2;7;7;0
0;6;2;2;0
0;3;5;5;0
0;7;9;9;0
0;7;1;1;0
1;8;5;5;0
2;2;7;7;0
0;10;0;0;0
0;5;6;6;0
0;10;4;4;0
1;2;6;6;0
0;4;8;8;0
0;3;1;1;0
0;2;9;9;0
0;4;4;4;0
0;3;4;4;0
0;10;6;6;0
0;6;7;7;0
0;5;7;7;0
0;7;5;5;0
1;4;4;4;0
0;3;9;9;0
0;5;1;1;0
0;4;6;6;0
2;8;8;8;0
0;7;7;7;0
0;3;3;3;0
0;3;0;0;0
1;6;10;10;0
0;4;8;8;0
0;4;6;6;0
0;4;2;2;0
0;5;5;5;0
0;7;4;4;0
0;2;6;6;0
1;5;3;3;0
0;9;4;4;0
0;1;4;4;0
0;4;4;4;0
2;5;4;4;0
0;0;3;3;0
0;6;4;4;0
0;4;4;4;0
2;5;6;6;0
0;8;6;6;0
0;1;5;5;0
1;9;6;6;0
0;4;5;5;0
1;4;7;7;0
0;6;6;6;0
0;7;5;5;0
0;7;7;7;0
0;5;5;5;0
0;3;3;3;0
0;9;5;5;0
0;1;7;7;0
0;6;2;2;0
0;6;11;11;0
1;7;4;4;0
0;3;7;7;0
1;0;1;1;0
0;9;6;6;0
0;8;1;1;0
0;6;7;7;0
0;2;8;8;0
0;5;4;4;0
0;4;5;5;0
0;6;5;5;0
1;2;7;7;0
0;4;4;4;0
0;4;7;7;0
0;4;6;6;0
0;2;8;8;0
0;3;6;6;0
0;4;5;5;0
0;4;9;9;0
0;4;7;7;0
0;6;8;8;0
0;5;6;6;0
0;5;1;1;0
0;5;2;2;0
0;6;3;3;0
1;6;5;5;0
1;5;9;9;0
0;7;8;8;0
0;5;6;6;0
0;3;2;2;0
0;5;2;2;0
1;7;4;4;0
0;2;3;3;0
1;11;5;5;0
0;3;2;2;0
0;7;2;2;0
0;0;6;6;0
0;6;10;10;0
1;1;10;10;0
0;7;6;6;0
0;8;5;5;0
0;4;4;4;0
0;5;3;3;0
0;5;9;9;0
0;6;7;7;0
0;4;5;5;0
0;7;2;2;0
0;6;5;5;0
0;8;7;7;0
1;6;5;5;0
1;5;8;8;0
2;9;2;2;0
2;7;3;3;0
0;8;5;5;0
0;6;7;7;0
0;1;3;3;0
0;2;5;5;0
0;3;4;4;0
2;4;5;5;0
0;8;5;5;0
0;8;2;2;0
0;6;4;4;0
0;2;2;2;0
1;2;9;9;0
0;3;3;3;0
0;3;5;5;0
0;4;2;2;0
0;2;2;2;0
0;2;2;2;0
1;6;8;8;0
1;10;4;4;0
0;9;4;4;0
0;6;5;5;0
0;5;5;5;0
2;4;7;7;0
0;3;3;3;0
1;9;7;7;0
1;7;7;7;0
1;5;7;7;0
0;2;4;4;0
1;5;4;4;0
0;7;3;3;0
0;4;5;5;0
0;7;1;1;0
0;0;3;3;0
0;1;3;3;0
0;5;3;3;0
0;7;5;5;0
0;3;3;3;0
0;5;5;5;0
0;4;4;4;0
0;3;2;2;0
0;5;5;5;0
0;2;7;7;0
0;4;4;4;0
1;2;7;7;0
2;8;6;6;0
0;3;5;5;0
0;5;2;2;0
0;2;4;4;0
0;2;4;4;0
2;2;5;5;0
1;7;5;5;0
0;3;1;1;0
0;4;3;3;0
0;5;6;6;0
0;5;5;5;0
0;5;2;2;0
0;3;5;5;0
1;6;5;5;0
0;6;3;3;0
0;6;2;2;0
1;4;6;6;0
0;3;2;2;0
0;3;4;4;0
0;5;2;2;0
0;1;4;4;0
0;3;3;3;0
0;3;2;2;0
0;3;2;2;0
0;5;3;3;0
1;3;5;5;0
0;5;6;6;0
1;4;3;3;0
0;2;6;6;0
1;5;9;9;0
1;7;5;5;0
0;4;4;4;0
0;6;3;3;0
1;4;5;5;0
0;5;5;5;0
0;2;5;5;0
0;4;4;4;0
0;4;1;1;0
0;3;6;6;0
0;4;5;5;0
1;1;3;3;0
0;3;2;2;0
0;6;4;4;0
0;5;3;3;0
1;2;4;4;0
0;5;2;2;0
1;4;6;6;0
0;3;6;6;0
0;2;2;2;0
0;5;3;3;0
0;2;4;4;0
0;4;3;3;0
0;2;3;3;0
0;4;5;5;0
1;3;10;10;0
0;2;3;3;0
0;2;2;2;0
0;3;3;3;0
0;4;5;5;0
0;6;7;7;0
0;2;3;3;0
1;6;3;3;0
0;8;1;1;0
0;4;4;4;0
0;4;6;6;0
0;3;4;4;0
1;4;4;4;0
0;5;4;4;0
0;5;5;5;0
0;4;3;3;0
0;1;6;6;0
0;6;3;3;0
0;5;3;3;0
2;2;6;6;0
0;2;0;0;0
0;4;4;4;0
0;3;2;2;0
0;3;5;5;0
1;2;6;6;0
0;5;3;3;0
0;6;4;4;0
0;2;3;3;0
0;3;2;2;0
1;4;7;7;0
1;3;7;7;0
1;3;8;8;0
1;5;2;2;0
0;9;6;6;0
0;3;4;4;0
0;2;4;4;0
0;3;2;2;0
0;5;3;3;0
0;7;5;5;0
0;3;7;7;0
0;2;2;2;0
1;1;3;3;0
2;4;6;6;0
0;6;4;4;0
0;4;3;3;0
1;3;4;4;0
1;4;4;4;0
0;5;5;5;0
1;3;7;7;0
0;6;5;5;0
0;3;3;3;0
0;3;3;3;0
0;4;2;2;0
0;0;2;2;0
0;4;6;6;0
1;2;7;7;0
0;5;1;1;0
1;5;5;5;0
0;3;6;6;0
0;4;6;6;0
0;3;2;2;0
1;2;3;3;0
2;6;5;5;0
0;6;2;2;0
0;7;3;3;0
0;1;3;3;0
0;6;4;4;0
0;4;3;3;0
0;4;1;1;0
0;2;2;2;0
0;3;4;4;0
0;5;3;3;0
0;7;4;4;0
0;2;5;5;0
0;2;1;1;0
0;4;5;5;0
1;4;6;6;0
0;3;4;4;0
1;3;1;1;0
0;3;6;6;0
0;5;11;11;0
0;6;4;4;0
1;5;6;6;0
0;3;3;3;0
0;3;2;2;0
0;2;4;4;0
0;2;5;5;0
0;6;5;5;0
1;6;3;3;0
0;1;4;4;0
1;4;7;7;0
1;6;2;2;0
0;6;1;1;0
1;2;5;5;0
1;2;7;7;0
0;3;3;3;0
0;2;5;5;0
0;3;3;3;0
0;3;5;5;0
0;4;3;3;0
2;3;3;3;0
0;1;4;4;0
0;2;1;1;0
0;4;2;2;0
0;3;6;6;0
0;4;5;5;0
0;5;6;6;0
0;1;7;7;0
0;5;2;2;0
0;5;7;7;0
0;4;2;2;0
0;0;4;4;0
1;6;7;7;0
2;11;7;7;0
0;4;7;7;0
0;5;4;4;0
1;3;5;5;0
1;2;5;5;0
0;4;7;7;0
0;5;2;2;0
1;5;6;6;0
0;2;2;2;0
0;4;3;3;0
0;6;8;8;0
0;1;1;1;0
1;1;2;2;0
0;4;3;3;0
1;6;6;6;0
0;3;3;3;0
0;5;4;4;0
0;3;1;1;0
0;5;3;3;0
0;3;3;3;0
1;1;5;5;0
0;4;5;5;0
0;1;1;1;0
1;2;6;6;0
0;6;5;5;0
0;5;5;5;0
0;6;1;1;0
0;7;3;3;0
0;2;5;5;0
0;7;1;1;0
0;2;1;1;0
0;4;0;0;0
0;6;4;4;0
1;5;6;6;0
0;7;2;2;0
0;4;6;6;0
1;4;4;4;0
1;4;2;2;0
1;7;1;1;0
0;2;4;4;0
0;5;4;4;0
0;2;4;4;0
0;3;6;6;0
0;8;3;3;0
0;1;1;1;0
0;1;4;4;0
0;3;5;5;0
0;5;6;6;0
1;3;4;4;0
0;4;3;3;0
0;1;5;5;0
1;3;3;3;0
0;3;3;3;0
1;4;7;7;0
0;5;5;5;0
0;1;4;4;0
0;5;5;5;0
0;5;3;3;0
0;5;2;2;0
0;1;3;3;0
0;3;2;2;0
0;5;5;5;0
0;1;4;4;0
1;1;3;3;0
0;0;5;5;0
0;4;2;2;0
1;5;3;3;0
0;2;4;4;0
0;6;2;2;0
0;3;1;1;0
0;1;7;7;0
0;0;5;5;0
1;4;5;5;0
0;4;6;6;0
1;4;1;1;0
1;6;2;2;0
0;3;3;3;0
2;1;5;5;0
0;4;3;3;0
0;5;5;5;0
1;6;5;5;0
0;3;5;5;0
0;3;3;3;0
0;5;0;0;0
0;2;3;3;0
0;3;3;3;0
0;6;3;3;0
0;5;2;2;0
1;4;3;3;0
0;5;1;1;0
0;3;4;4;0
0;2;0;0;0
0;3;1;1;0
1;2;2;2;0
1;5;8;8;0
0;4;3;3;0
0;2;3;3;0
0;5;2;2;0
0;2;1;1;0
0;2;1;1;0
0;4;3;3;0
0;2;2;2;0
1;1;4;4;0
0;7;5;5;0
0;5;5;5;0
0;4;2;2;0
3;6;5;5;0
0;0;2;2;0
0;1;6;6;0
2;3;2;2;0
0;3;1;1;0
1;3;4;4;0
1;5;3;3;0
0;4;3;3;0
0;5;4;4;0
0;3;3;3;0
0;0;6;6;0
0;3;3;3;0
0;3;3;3;0
0;3;3;3;0
0;2;2;2;0
1;2;9;9;0
1;1;8;8;0
0;4;3;3;0
0;0;6;6;0
0;1;1;1;0
0;1;1;1;0
0;7;3;3;0
0;3;2;2;0
0;3;5;5;0
0;2;4;4;0
0;1;2;2;0
1;1;6;6;0
1;3;4;4;0
0;2;5;5;0
0;3;3;3;0
0;5;1;1;0
1;5;10;10;0
1;2;7;7;0
0;2;2;2;0
0;2;4;4;0
0;6;5;5;0
0;0;1;1;0
0;1;3;3;0
1;3;3;3;0
0;2;2;2;0
0;3;4;4;0
0;4;2;2;0
0;3;2;2;0
0;6;5;5;0
0;3;2;2;0
0;3;1;1;0
0;3;1;1;0
0;2;2;2;0
0;8;3;3;0
0;7;1;1;0
0;3;2;2;0
0;6;2;2;0
0;1;2;2;0
0;1;6;6;0
0;3;1;1;0
0;2;5;5;0
0;5;3;3;0
0;4;5;5;0
0;2;3;3;0
0;5;0;0;0
1;3;6;6;0
0;5;5;5;0
0;3;2;2;0
0;1;5;5;0
0;9;4;4;0
0;6;2;2;0
0;2;3;3;0
1;4;2;2;0
0;5;1;1;0
0;1;3;3;0
0;3;3;3;0
0;2;3;3;0
0;2;1;1;0
0;4;2;2;0
0;2;3;3;0
0;2;3;3;0
0;5;5;5;0
0;2;0;0;0
0;1;3;3;0
0;1;10;10;0
0;2;4;4;0
0;3;4;4;0
1;1;1;1;0
1;2;5;5;0
1;2;5;5;0
0;2;4;4;0
0;6;1;1;0
0;1;1;1;0
0;5;4;4;0
0;3;0;0;0
1;5;5;5;0
1;3;3;3;0
0;0;1;1;0
1;5;6;6;0
0;5;3;3;0
0;2;3;3;0
1;5;6;6;0
0;4;3;3;0
0;2;5;5;0
0;3;3;3;0
0;1;2;2;0
0;1;5;5;0
2;3;8;8;0
0;3;3;3;0
0;3;4;4;0
0;1;5;5;0
1;2;3;3;0
0;3;4;4;0
1;3;4;4;0
0;5;7;7;0
0;0;5;5;0
0;3;2;2;0
0;10;4;4;0
0;4;1;1;0
0;4;2;2;0
0;0;4;4;0
0;4;3;3;0
0;4;5;5;0
0;4;3;3;0
0;1;4;4;0
1;1;3;3;0
2;4;5;5;0
1;0;4;4;0
0;4;2;2;0
0;2;2;2;0
0;1;3;3;0
0;5;5;5;0
0;3;2;2;0
1;3;5;5;0
0;5;3;3;0
0;3;3;3;0
0;5;2;2;0
0;3;6;6;0
0;2;2;2;0
0;5;5;5;0
0;6;4;4;0
0;3;1;1;0
0;4;1;1;0
0;5;9;9;0
0;2;1;1;0
0;4;0;0;0
1;3;5;5;0
0;7;5;5;0
0;5;0;0;0
0;2;2;2;0
0;4;5;5;0
1;1;5;5;0
0;2;5;5;0
0;4;2;2;0
0;3;1;1;0
2;5;5;5;0
0;3;2;2;0
0;4;2;2;0
0;2;6;6;0
0;3;6;6;0
0;3;1;1;0
0;2;1;1;0
0;2;3;3;0
0;3;3;3;0
0;5;3;3;0
0;2;3;3;0
0;4;1;1;0
1;3;7;7;0
0;3;1;1;0
0;2;2;2;0
0;6;3;3;0
0;2;3;3;0
0;5;3;3;0
0;4;2;2;0
0;1;4;4;0
0;1;4;4;0
0;9;3;3;0
2;1;3;3;0
0;0;3;3;0
1;4;4;4;0
0;5;3;3;0
0;0;3;3;0
1;2;3;3;0
0;5;4;4;0
0;4;4;4;0
2;5;3;3;0
0;2;5;5;0
0;1;1;1;0
0;3;2;2;0
0;2;4;4;0
0;2;4;4;0
0;6;6;6;0
0;6;2;2;0
0;1;1;1;0
0;1;2;2;0
0;3;4;4;0
0;3;3;3;0
0;3;1;1;0
1;3;3;3;0
0;1;3;3;0
0;6;4;4;0
0;1;3;3;0
0;2;3;3;0
0;3;4;4;0
0;3;1;1;0
0;3;5;5;0
0;2;3;3;0
0;4;2;2;0
0;4;2;2;0
0;3;10;10;0
0;1;2;2;0
0;3;6;6;0
0;3;4;4;0
0;3;2;2;0
0;3;4;4;0
0;2;5;5;0
0;4;3;3;0
1;4;6;6;0
0;1;1;1;0
0;5;5;5;0
0;1;4;4;0
0;2;4;4;0
0;4;7;7;0
0;4;3;3;0
0;6;4;4;0
0;2;3;3;0
0;1;4;4;0
0;2;2;2;0
1;4;1;1;0
0;3;4;4;0
0;1;2;2;0
0;2;1;1;0
0;3;3;3;0
0;4;0;0;0
0;3;1;1;0
0;3;2;2;0
0;4;2;2;0
0;1;3;3;0
0;5;1;1;0
0;3;3;3;0
0;2;1;1;0
2;2;2;2;0
0;10;3;3;0
0;2;5;5;0
0;6;2;2;0
0;4;2;2;0
0;2;1;1;0
0;4;1;1;0
0;5;2;2;0
0;3;3;3;0
0;5;2;2;0
0;1;3;3;0
1;5;3;3;0
0;4;3;3;0
1;4;1;1;0
0;7;3;3;0
0;3;3;3;0
0;4;3;3;0
0;3;4;4;0
0;4;3;3;0
0;2;1;1;0
0;0;2;2;0
0;4;2;2;0
0;2;5;5;0
0;1;7;7;0
0;3;2;2;0
1;0;1;1;0
0;1;1;1;0
1;2;2;2;0
0;2;2;2;0
0;3;2;2;0
0;1;2;2;0
0;3;1;1;0
0;1;2;2;0
0;0;4;4;0
0;3;2;2;0
0;5;5;5;0
0;2;2;2;0
0;2;3;3;0
0;1;5;5;0
0;1;3;3;0
1;2;3;3;0
0;3;4;4;0
0;2;4;4;0
0;3;2;2;0
0;2;3;3;0
2;3;3;3;0
1;0;3;3;0
0;3;1;1;0
0;3;2;2;0
0;3;3;3;0
1;4;1;1;0
0;3;4;4;0
0;1;4;4;0
0;2;4;4;0
0;2;1;1;0
0;5;2;2;0
1;7;4;4;0
0;2;0;0;0
1;0;3;3;0
0;1;4;4;0
0;1;4;4;0
0;2;0;0;0
0;2;4;4;0
0;2;4;4;0
1;1;6;6;0
0;2;4;4;0
0;4;0;0;0
0;2;1;1;0
1;5;1;1;0
0;2;5;5;0
0;3;2;2;0
0;5;5;5;0
0;3;2;2;0
1;2;2;2;0
0;4;5;5;0
1;4;5;5;0
0;2;1;1;0
0;3;3;3;0
0;1;2;2;0
0;2;1;1;0
0;1;0;0;0
0;2;1;1;0
0;3;3;3;0
0;0;6;6;0
0;4;4;4;0
0;4;2;2;0
0;4;2;2;0
0;1;1;1;0
0;2;1;1;0
0;3;4;4;0
0;0;2;2;0
0;2;2;2;0
0;4;3;3;0
0;4;2;2;0
2;0;4;4;0
0;4;0;0;0
0;4;2;2;0
0;5;6;6;0
1;4;3;3;0
0;0;4;4;0
0;1;3;3;0
0;0;1;1;0
1;5;7;7;0
0;2;1;1;0
0;5;4;4;0
0;2;2;2;0
0;1;4;4;0
0;5;3;3;0
0;4;2;2;0
1;1;3;3;0
0;3;1;1;0
0;2;0;0;0
0;1;1;1;0
0;0;2;2;0
0;1;1;1;0
0;3;6;6;0
0;6;4;4;0
0;4;1;1;0
1;2;7;7;0
0;2;2;2;0
1;1;3;3;0
0;1;1;1;0
0;4;4;4;0
0;2;6;6;0
1;2;2;2;0
0;3;0;0;0
0;2;5;5;0
0;2;4;4;0
1;0;4;4;0
0;2;3;3;0
2;6;8;8;0
0;2;2;2;0
0;4;3;3;0
2;3;4;4;0
0;1;1;1;0
1;6;2;2;0
1;1;7;7;0
0;4;4;4;0
0;2;2;2;0
0;4;2;2;0
0;3;1;1;0
0;2;5;5;0
0;2;4;4;0
1;1;2;2;0
0;0;2;2;0
0;1;1;1;0
0;2;1;1;0
0;1;3;3;0
0;6;1;1;0
0;4;3;3;0
0;1;1;1;0
0;6;3;3;0
0;2;3;3;0
0;2;1;1;0
0;1;0;0;0
0;4;3;3;0
0;6;3;3;0
0;1;2;2;0
0;0;3;3;0
0;5;2;2;0
1;4;3;3;0
0;3;4;4;0
0;3;1;1;0
0;6;0;0;0
0;2;1;1;0
0;3;4;4;0
0;2;2;2;0
0;1;5;5;0
0;1;4;4;0
0;6;1;1;0
0;4;0;0;0
2;2;3;3;0
0;2;1;1;0
0;1;2;2;0
1;5;3;3;0
1;4;1;1;0
0;1;2;2;0
0;2;2;2;0
0;1;4;4;0
0;1;0;0;0
0;3;2;2;0
0;1;3;3;0
0;3;2;2;0
0;1;1;1;0
0;3;2;2;0
0;3;3;3;0
0;1;0;0;0
0;0;2;2;0
0;3;2;2;0
0;3;5;5;0
0;2;2;2;0
1;3;4;4;0
0;2;1;1;0
0;2;3;3;0
1;4;4;4;0
0;1;3;3;0
1;0;2;2;0
1;1;3;3;0
0;4;1;1;0
0;2;5;5;0
0;5;2;2;0
0;4;3;3;0
0;1;2;2;0
0;0;3;3;0
0;1;3;3;0
0;1;5;5;0
0;2;0;0;0
0;2;5;5;0
0;0;5;5;0
0;2;5;5;0
0;2;1;1;0
1;4;2;2;0
1;0;6;6;0
0;2;2;2;0
0;3;3;3;0
0;2;3;3;0
1;1;4;4;0
0;2;2;2;0
0;3;4;4;0
0;0;2;2;0
0;2;3;3;0
0;2;1;1;0
0;5;2;2;0
0;2;3;3;0
0;3;2;2;0
0;1;2;2;0
1;3;4;4;0
0;3;1;1;0
0;3;3;3;0
0;1;2;2;0
0;2;0;0;0
0;1;2;2;0
0;5;4;4;0
0;2;5;5;0
0;3;2;2;0
0;2;3;3;0
0;3;2;2;0
0;3;4;4;0
0;5;2;2;0
0;0;0;0;0
0;5;1;1;0
0;5;4;4;0
0;5;4;4;0
0;1;3;3;0
0;1;1;1;0
0;5;1;1;0
0;2;1;1;0
0;3;0;0;0
0;3;2;2;0
0;3;2;2;0
0;2;6;6;0
0;4;2;2;0
0;2;0;0;0
0;3;3;3;0
1;1;2;2;0
0;2;1;1;0
1;3;3;3;0
0;2;3;3;0
0;2;3;3;0
0;3;2;2;0
1;1;3;3;0
1;3;2;2;0
0;2;3;3;0
1;0;2;2;0
0;2;1;1;0
0;4;3;3;0
0;5;1;1;0
0;2;3;3;0
0;3;4;4;0
0;2;1;1;0
0;4;0;0;0
0;2;0;0;0
0;0;3;3;0
0;1;3;3;0
0;4;2;2;0
1;4;3;3;0
0;3;1;1;0
0;1;4;4;0
1;1;5;5;0
0;1;4;4;0
0;0;2;2;0
0;2;4;4;0
0;2;1;1;0
0;6;1;1;0
0;2;3;3;0
1;0;3;3;0
0;3;1;1;0
0;1;4;4;0
0;1;3;3;0
0;2;1;1;0
1;3;2;2;0
0;3;2;2;0
0;2;2;2;0
0;2;0;0;0
0;1;5;5;0
0;3;3;3;0
0;1;3;3;0
0;1;1;1;0
0;3;2;2;0
1;1;3;3;0
0;3;2;2;0
0;4;2;2;0
0;1;5;5;0
1;0;3;3;0
1;0;7;7;0
0;3;4;4;0
0;3;1;1;0
0;2;3;3;0
0;2;2;2;0
0;1;4;4;0
0;4;2;2;0
0;4;3;3;0
0;4;1;1;0
0;2;1;1;0
0;4;0;0;0
0;1;2;2;0
0;1;2;2;0
0;3;1;1;0
0;2;1;1;0
1;1;2;2;0
0;4;0;0;0
0;3;1;1;0
1;1;5;5;0
1;1;3;3;0
0;2;2;2;0
0;2;1;1;0
0;0;2;2;0
0;5;4;4;0
0;3;1;1;0
0;3;3;3;0
0;1;3;3;0
0;2;3;3;0
0;2;3;3;0
0;2;2;2;0
0;2;3;3;0
0;5;2;2;0
0;2;3;3;0
0;6;2;2;0
0;4;0;0;0
0;1;4;4;0
0;3;2;2;0
0;2;1;1;0
0;4;2;2;0
0;2;0;0;0
0;3;2;2;0
0;1;4;4;0
1;1;3;3;0
1;0;4;4;0
0;2;2;2;0
0;2;1;1;0
0;1;1;1;0
0;1;0;0;0
0;1;1;1;0
0;0;6;6;0
0;1;5;5;0
0;4;2;2;0
1;2;3;3;0
1;2;3;3;0
0;1;3;3;0
0;2;2;2;0
0;4;5;5;0
1;1;3;3;0
0;3;2;2;0
0;3;1;1;0
0;3;4;4;0
0;3;3;3;0
0;2;1;1;0
0;3;4;4;0
0;2;1;1;0
0;3;3;3;0
0;2;1;1;0
0;0;1;1;0
0;4;1;1;0
0;2;1;1;0
0;1;0;0;0
0;2;2;2;0
0;0;3;3;0
0;2;4;4;0
0;4;3;3;0
1;2;2;2;0
0;3;2;2;0
0;2;4;4;0
0;1;1;1;0
0;1;4;4;0
0;0;1;1;0
0;1;2;2;0
1;6;5;5;0
0;5;2;2;0
0;2;2;2;0
0;2;2;2;0
0;2;1;1;0
0;3;1;1;0
0;2;2;2;0
0;5;5;5;0
0;2;1;1;0
0;2;0;0;0
0;1;1;1;0
0;4;2;2;0
0;3;1;1;0
0;1;0;0;0
0;4;1;1;0
0;1;1;1;0
0;3;0;0;0
1;1;2;2;0
0;1;5;5;0
0;1;2;2;0
1;1;3;3;0
1;0;4;4;0
1;2;4;4;0
0;3;2;2;0
0;4;2;2;0
0;3;0;0;0
1;1;2;2;0
1;2;3;3;0
0;4;3;3;0
0;1;2;2;0
1;4;3;3;0
1;1;3;3;0
0;2;5;5;0
0;4;1;1;0
0;2;3;3;0
0;2;3;3;0
0;2;0;0;0
0;1;1;1;0
0;1;0;0;0
0;2;0;0;0
0;5;1;1;0
1;1;2;2;0
0;0;1;1;0
0;1;3;3;0
0;2;1;1;0
0;1;1;1;0
2;0;7;7;0
0;1;1;1;0
0;1;3;3;0
0;0;2;2;0
0;1;2;2;0
0;5;3;3;0
1;2;6;6;0
1;2;1;1;0
1;3;5;5;0
0;3;2;2;0
2;2;4;4;0
0;2;2;2;0
0;0;1;1;0
1;1;2;2;0
0;2;2;2;0
0;3;1;1;0
1;2;2;2;0
0;2;2;2;0
0;2;1;1;0
0;5;3;3;0
0;1;1;1;0
0;3;1;1;0
0;3;3;3;0
0;0;4;4;0
0;1;1;1;0
0;0;1;1;0
0;0;3;3;0
0;1;3;3;0
0;1;2;2;0
0;1;2;2;0
0;3;1;1;0
0;1;3;3;0
0;1;2;2;0
0;5;1;1;0
0;1;4;4;0
0;3;2;2;0
0;2;1;1;0
0;2;6;6;0
0;3;1;1;0
0;5;2;2;0
0;0;1;1;0
0;4;2;2;0
0;2;3;3;0
0;2;1;1;0
3;2;3;3;0
0;1;1;1;0
0;1;3;3;0
0;2;0;0;0
0;1;1;1;0
0;1;2;2;0
0;2;1;1;0
0;1;0;0;0
1;3;2;2;0
1;1;4;4;0
0;1;1;1;0
0;3;2;2;0
0;4;1;1;0
1;1;3;3;0
2;1;3;3;0
0;3;2;2;0
1;3;2;2;0
0;2;2;2;0
0;2;1;1;0
0;1;2;2;0
0;3;1;1;0
0;2;0;0;0
0;1;1;1;0
0;4;0;0;0
0;2;2;2;0
1;1;3;3;0
0;6;2;2;0
1;1;2;2;0
0;2;2;2;0
0;1;0;0;0
0;2;1;1;0
0;3;1;1;0
0;1;1;1;0
0;0;2;2;0
0;1;1;1;0
0;3;2;2;0
0;0;4;4;0
1;1;1;1;0
0;2;3;3;0
1;1;4;4;0
0;0;2;2;0
0;1;4;4;0
0;3;0;0;0
0;1;0;0;0
0;2;2;2;0
0;1;1;1;0
0;2;3;3;0
0;1;3;3;0
0;2;2;2;0
1;1;3;3;0
0;2;5;5;0
0;1;3;3;0
1;2;4;4;0
0;1;0;0;0
0;0;3;3;0
0;1;3;3;0
0;0;2;2;0
1;2;2;2;0
0;2;2;2;0
0;2;2;2;0
0;1;1;1;0
0;2;4;4;0
0;0;1;1;0
1;1;2;2;0
0;1;4;4;0
1;1;4;4;0
1;2;3;3;0
0;1;2;2;0
0;2;6;6;0
0;4;2;2;0
0;0;2;2;0
0;3;4;4;0
1;3;3;3;0
0;2;2;2;0
0;4;1;1;0
0;0;0;0;0
0;0;1;1;0
0;2;2;2;0
0;1;1;1;0
0;3;1;1;0
0;3;1;1;0
0;2;0;0;0
0;2;2;2;0
0;5;3;3;0
0;3;1;1;0
0;3;3;3;0
0;0;1;1;0
0;3;1;1;0
1;3;5;5;0
0;2;4;4;0
0;1;2;2;0
0;2;3;3;0
0;2;2;2;0
0;1;4;4;0
0;4;2;2;0
0;1;3;3;0
0;1;1;1;0
0;4;0;0;0
0;3;1;1;0
1;2;2;2;0
0;2;2;2;0
0;6;2;2;0
0;2;0;0;0
0;2;5;5;0
0;4;2;2;0
0;2;1;1;0
0;2;1;1;0
0;1;0;0;0
2;0;4;4;0
0;1;1;1;0
0;2;3;3;0
0;1;1;1;0
0;1;3;3;0
0;1;4;4;0
0;0;1;1;0
0;2;2;2;0
0;3;0;0;0
0;1;0;0;0
1;3;1;1;0
0;1;2;2;0
0;1;2;2;0
0;4;1;1;0
0;4;1;1;0
0;2;2;2;0
0;3;1;1;0
0;2;2;2;0
0;4;2;2;0
0;2;0;0;0
0;3;3;3;0
0;1;2;2;0
0;0;3;3;0
0;1;3;3;0
0;1;3;3;0
0;2;2;2;0
0;2;3;3;0
0;0;2;2;0
0;5;2;2;0
0;2;1;1;0
0;1;1;1;0
0;1;1;1;0
0;0;1;1;0
1;2;2;2;0
0;1;2;2;0
0;3;1;1;0
0;1;0;0;0
0;3;2;2;0
0;4;2;2;0
1;1;4;4;0
0;2;2;2;0
0;0;0;0;0
0;0;1;1;0
0;0;3;3;0
1;2;2;2;0
0;2;3;3;0
0;1;0;0;0
0;1;2;2;0
1;2;4;4;0
0;1;2;2;0
2;2;4;4;0
0;2;3;3;0
0;0;2;2;0
0;3;1;1;0
1;2;1;1;0
0;3;1;1;0
1;3;3;3;0
0;3;1;1;0
1;2;3;3;0
0;3;1;1;0
0;2;4;4;0
1;2;2;2;0
0;1;1;1;0
0;1;3;3;0
0;1;1;1;0
0;1;1;1;0
0;1;3;3;0
0;2;1;1;0
0;1;0;0;0
0;0;2;2;0
1;2;2;2;0
0;2;0;0;0
1;3;1;1;0
1;2;3;3;0
1;0;3;3;0
0;1;1;1;0
0;3;1;1;0
2;1;4;4;0
0;3;2;2;0
0;0;2;2;0
0;2;0;0;0
0;3;2;2;0
1;2;2;2;0
0;2;0;0;0
0;3;2;2;0
0;2;3;3;0
0;1;1;1;0
0;0;1;1;0
0;1;1;1;0
0;2;3;3;0
0;1;2;2;0
0;2;1;1;0
1;1;2;2;0
2;4;4;4;0
0;1;3;3;0
0;1;1;1;0
0;3;2;2;0
0;1;4;4;0
1;1;1;1;0
0;3;1;1;0
0;1;1;1;0
0;0;4;4;0
1;2;2;2;0
0;1;1;1;0
1;0;2;2;0
0;0;2;2;0
1;2;2;2;0
0;2;3;3;0
0;1;6;6;0
0;1;1;1;0
0;2;2;2;0
0;2;5;5;0
2;2;4;4;0
1;0;3;3;0
0;2;0;0;0
0;1;3;3;0
1;0;5;5;0
2;2;2;2;0
0;3;1;1;0
0;1;1;1;0
0;1;2;2;0
2;1;2;2;0
0;3;3;3;0
0;2;1;1;0
1;1;2;2;0
0;1;0;0;0
0;2;1;1;0
0;3;0;0;0
0;1;2;2;0
0;2;1;1;0
0;4;1;1;0
0;0;1;1;0
0;1;3;3;0
1;1;2;2;0
0;4;0;0;0
0;1;2;2;0
1;1;1;1;0
1;1;4;4;0
0;2;0;0;0
0;1;1;1;0
1;3;1;1;0
1;6;9;9;0
0;1;1;1;0
0;2;0;0;0
0;5;3;3;0
0;2;2;2;0
0;2;0;0;0
0;0;2;2;0
0;3;3;3;0
0;4;1;1;0
0;0;1;1;0
0;1;3;3;0
0;1;0;0;0
1;2;1;1;0
0;0;1;1;0
0;3;4;4;0
0;1;3;3;0
0;1;3;3;0
0;0;1;1;0
0;1;1;1;0
0;0;1;1;0
0;2;1;1;0
0;1;0;0;0
0;1;3;3;0
0;1;1;1;0
0;3;2;2;0
0;1;2;2;0
0;0;2;2;0
0;2;3;3;0
0;0;3;3;0
0;3;2;2;0
0;0;1;1;0
0;1;6;6;0
2;0;3;3;0
0;8;4;4;0
0;1;2;2;0
0;0;2;2;0
0;3;1;1;0
0;2;1;1;0
0;0;4;4;0
2;2;5;5;0
0;3;4;4;0
0;1;0;0;0
0;1;4;4;0
0;3;2;2;0
0;0;1;1;0
0;0;2;2;0
0;1;1;1;0
0;4;1;1;0
0;3;2;2;0
1;3;3;3;0
0;1;0;0;0
0;1;1;1;0
0;1;0;0;0
0;1;1;1;0
0;0;0;0;0
0;3;3;3;0
0;1;1;1;0
0;2;0;0;0
0;2;0;0;0
0;2;2;2;0
0;3;3;3;0
0;3;2;2;0
0;2;2;2;0
1;1;2;2;0
0;6;1;1;0
0;1;2;2;0
0;4;2;2;0
0;2;0;0;0
0;2;2;2;0
0;1;0;0;0
0;1;2;2;0
0;4;1;1;0
1;3;3;3;0
0;4;2;2;0
0;0;0;0;0
0;4;2;2;0
0;2;1;1;0
0;1;2;2;0
1;2;2;2;0
0;1;1;1;0
0;1;0;0;0
0;2;2;2;0
1;2;3;3;0
0;0;2;2;0
1;1;1;1;0
0;0;2;2;0
1;1;1;1;0
0;0;4;4;0
1;3;2;2;0
0;1;0;0;0
1;0;2;2;0
0;0;1;1;0
1;2;3;3;0
0;3;1;1;0
0;2;3;3;0
0;2;1;1;0
0;1;3;3;0
1;1;3;3;0
0;2;1;1;0
0;2;2;2;0
0;0;4;4;0
1;2;1;1;0
1;0;1;1;0
0;2;2;2;0
0;1;3;3;0
0;2;1;1;0
0;2;1;1;0
0;0;0;0;0
0;2;1;1;0
0;1;2;2;0
1;2;1;1;0
0;1;1;1;0
1;1;1;1;0
0;0;3;3;0
0;2;2;2;0
0;2;2;2;0
0;2;1;1;0
0;0;1;1;0
1;2;1;1;0
0;0;2;2;0
0;4;0;0;0
0;1;0;0;0
0;0;0;0;0
0;1;1;1;0
1;1;3;3;0
0;2;5;5;0
0;1;1;1;0
0;3;2;2;0
0;1;2;2;0
0;3;2;2;0
0;2;2;2;0
0;1;1;1;0
0;2;2;2;0
0;4;1;1;0
0;0;3;3;0
0;0;2;2;0
0;2;0;0;0
0;3;0;0;0
0;1;2;2;0
1;1;3;3;0
0;0;0;0;0
0;1;2;2;0
0;2;2;2;0
0;0;4;4;0
1;1;1;1;0
0;0;4;4;0
0;3;1;1;0
0;2;1;1;0
0;2;3;3;0
0;1;0;0;0
0;1;0;0;0
1;0;3;3;0
0;2;0;0;0
1;0;3;3;0
0;0;1;1;0
0;0;1;1;0
0;1;0;0;0
0;2;0;0;0
0;5;1;1;0
0;1;2;2;0
0;2;3;3;0
0;2;1;1;0
0;2;1;1;0
0;2;0;0;0
1;1;3;3;0
0;2;2;2;0
0;1;1;1;0
0;3;1;1;0
0;2;0;0;0
0;0;3;3;0
0;0;1;1;0
0;2;0;0;0
0;2;2;2;0
0;0;0;0;0
1;2;3;3;0
0;2;2;2;0
0;4;1;1;0
0;0;1;1;0
0;4;2;2;0
0;1;1;1;0
0;1;2;2;0
0;3;1;1;0
0;0;1;1;0
0;0;0;0;0
0;2;5;5;0
1;0;3;3;0
0;2;2;2;0
0;1;1;1;0
2;1;3;3;0
0;0;0;0;0
0;0;1;1;0
0;1;1;1;0
1;2;1;1;0
0;3;1;1;0
1;1;2;2;0
0;1;3;3;0
0;0;2;2;0
0;2;2;2;0
0;2;0;0;0
0;1;3;3;0
1;1;1;1;0
1;0;2;2;0
0;3;1;1;0
0;1;2;2;0
1;0;4;4;0
0;2;2;2;0
1;0;1;1;0
0;2;0;0;0
0;2;1;1;0
0;1;1;1;0
0;1;2;2;0
0;2;1;1;0
1;1;2;2;0
0;2;3;3;0
0;1;0;0;0
0;1;0;0;0
0;0;0;0;0
0;5;3;3;0
0;2;2;2;0
0;2;1;1;0
0;1;1;1;0
0;1;1;1;0
0;0;4;4;0
0;1;0;0;0
0;1;0;0;0
0;0;3;3;0
1;1;3;3;0
0;1;0;0;0
0;3;1;1;0
0;2;1;1;0
0;2;2;2;0
0;0;3;3;0
0;3;2;2;0
2;0;3;3;0
0;1;2;2;0
0;1;2;2;0
0;2;1;1;0
0;3;5;5;0
0;2;3;3;0
0;0;1;1;0
0;0;1;1;0
0;1;1;1;0
1;1;1;1;0
0;2;2;2;0
0;1;0;0;0
0;1;1;1;0
0;3;0;0;0
0;0;0;0;0
0;0;0;0;0
0;0;2;2;0
0;3;1;1;0
0;2;2;2;0
0;1;0;0;0
0;1;1;1;0
0;1;1;1;0
0;4;2;2;0
0;0;0;0;0
1;0;3;3;0
1;3;1;1;0
0;2;0;0;0
0;0;1;1;0
0;1;1;1;0
0;1;1;1;0
0;2;2;2;0
0;3;1;1;0
0;2;0;0;0
0;1;2;2;0
1;2;1;1;0
0;2;1;1;0
0;1;2;2;0
1;5;1;1;0
1;3;3;3;0
0;1;0;0;0
0;1;0;0;0
0;1;1;1;0
0;0;0;0;0
1;2;2;2;0
0;0;1;1;0
0;1;0;0;0
0;0;1;1;0
1;0;2;2;0
0;0;1;1;0
0;2;0;0;0
0;1;3;3;0
0;2;0;0;0
0;0;1;1;0
1;1;3;3;0
0;1;2;2;0
0;2;0;0;0
0;0;1;1;0
1;2;2;2;0
0;0;1;1;0
0;0;1;1;0
0;1;2;2;0
0;1;1;1;0
0;1;0;0;0
0;2;1;1;0
0;1;2;2;0
0;0;0;0;0
0;2;2;2;0
0;0;1;1;0
0;1;0;0;0
0;2;2;2;0
0;0;1;1;0
0;2;1;1;0
0;0;2;2;0
1;0;3;3;0
0;1;2;2;0
0;0;2;2;0
0;1;0;0;0
0;1;1;1;0
0;0;3;3;0
0;1;1;1;0
0;1;2;2;0
0;1;1;1;0
0;0;1;1;0
0;3;1;1;0
0;0;2;2;0
1;1;5;5;0
0;2;1;1;0
0;2;0;0;0
0;0;0;0;0
0;1;1;1;0
1;1;4;4;0
0;1;3;3;0
0;1;0;0;0
0;2;0;0;0
0;1;0;0;0
0;0;1;1;0
0;1;3;3;0
0;2;3;3;0
0;0;1;1;0
0;2;2;2;0
0;1;3;3;0
0;0;2;2;0
0;2;3;3;0
0;1;1;1;0
0;1;1;1;0
1;2;1;1;0
0;2;1;1;0
0;2;1;1;0
2;2;3;3;0
0;0;1;1;0
0;1;2;2;0
0;3;2;2;0
0;1;2;2;0
0;2;2;2;0
0;1;2;2;0
0;1;0;0;0
0;1;3;3;0
0;2;3;3;0
0;4;3;3;0
0;1;0;0;0
0;0;0;0;0
0;0;0;0;0
0;1;1;1;0
0;3;1;1;0
1;3;2;2;0
0;0;2;2;0
0;0;0;0;0
0;0;0;0;0
1;1;3;3;0
0;3;2;2;0
0;3;0;0;0
0;1;1;1;0
0;2;1;1;0
0;3;0;0;0
0;2;2;2;0
0;3;1;1;0
0;1;2;2;0
0;1;1;1;0
0;0;1;1;0
0;1;2;2;0
0;1;0;0;0
0;1;1;1;0
0;1;1;1;0
0;2;0;0;0
0;2;0;0;0
0;2;1;1;0
2;2;4;4;0
0;2;1;1;0
0;0;1;1;0
0;3;2;2;0
0;3;3;3;0
0;3;1;1;0
0;0;2;2;0
0;0;4;4;0
0;0;1;1;0
0;1;1;1;0
0;1;2;2;0
1;1;2;2;0
0;2;0;0;0
0;0;1;1;0
0;0;1;1;0
1;2;2;2;0
0;2;2;2;0
1;0;3;3;0
0;1;0;0;0
1;1;1;1;0
0;0;2;2;0
1;2;2;2;0
0;1;1;1;0
0;2;0;0;0
0;1;0;0;0
1;1;3;3;0
0;2;2;2;0
1;0;2;2;0
0;1;0;0;0
0;1;1;1;0
0;0;1;1;0
0;0;0;0;0
0;1;1;1;0
0;2;0;0;0
0;1;2;2;0
0;1;3;3;0
0;2;1;1;0
0;3;1;1;0
0;1;0;0;0
0;2;3;3;0
0;4;1;1;0
1;1;2;2;0
1;1;1;1;0
0;2;3;3;0
1;1;2;2;0
0;0;2;2;0
1;1;1;1;0
0;1;3;3;0
0;1;0;0;0
0;2;0;0;0
1;2;2;2;0
1;0;3;3;0
1;0;2;2;0
0;2;0;0;0
0;1;0;0;0
0;1;1;1;0
0;0;0;0;0
0;0;1;1;0
0;2;0;0;0
0;2;1;1;0
0;1;1;1;0
1;0;1;1;0
0;1;0;0;0
0;1;1;1;0
0;0;0;0;0
0;1;2;2;0
0;0;0;0;0
2;2;3;3;0
0;3;1;1;0
0;1;1;1;0
0;1;1;1;0
0;0;0;0;0
1;3;1;1;0
0;1;2;2;0
0;1;2;2;0
0;0;1;1;0
0;3;1;1;0
1;1;2;2;0
0;2;2;2;0
0;0;2;2;0
0;3;0;0;0
0;0;0;0;0
1;0;3;3;0
1;1;4;4;0
0;2;1;1;0
0;1;1;1;0
0;0;2;2;0
0;0;1;1;0
0;1;1;1;0
0;0;1;1;0
0;1;0;0;0
0;0;1;1;0
0;1;0;0;0
0;1;0;0;0
0;0;1;1;0
0;0;0;0;0
1;1;1;1;0
0;0;0;0;0
0;2;2;2;0
1;0;1;1;0
0;1;2;2;0
0;1;0;0;0
1;1;1;1;0
0;1;0;0;0
1;0;1;1;0
1;0;5;5;0
0;2;0;0;0
0;2;2;2;0
0;1;1;1;0
0;1;0;0;0
1;1;1;1;0
1;2;1;1;0
1;2;1;1;0
0;0;2;2;0
0;0;3;3;0
0;2;0;0;0
1;3;1;1;0
0;1;0;0;0
0;1;1;1;0
1;2;1;1;0
1;1;2;2;0
0;1;0;0;0
0;1;3;3;0
0;0;0;0;0
0;1;0;0;0
0;0;1;1;0
0;0;0;0;0
0;1;2;2;0
0;0;1;1;0
0;0;2;2;0
0;0;0;0;0
0;2;3;3;0
0;0;0;0;0
0;2;0;0;0
0;0;2;2;0
0;0;1;1;0
0;0;1;1;0
0;0;0;0;0
0;4;1;1;0
0;0;1;1;0
0;2;3;3;0
1;1;2;2;0
1;0;3;3;0
0;0;1;1;0
0;0;0;0;0
0;0;2;2;0
1;2;2;2;0
0;3;1;1;0
0;0;2;2;0
0;0;1;1;0
0;0;1;1;0
0;1;0;0;0
1;0;3;3;0
0;1;1;1;0
1;0;2;2;0
0;3;2;2;0
0;0;1;1;0
0;0;2;2;0
0;1;1;1;0
0;0;0;0;0
0;2;1;1;0
1;1;3;3;0
1;2;2;2;0
0;0;2;2;0
0;3;1;1;0
0;0;0;0;0
0;0;2;2;0
0;2;2;2;0
0;1;0;0;0
0;1;1;1;0
1;0;2;2;0
1;1;2;2;0
1;1;2;2;0
1;3;1;1;0
0;1;1;1;0
2;2;3;3;0
0;1;0;0;0
0;0;0;0;0
0;2;2;2;0
0;1;1;1;0
0;1;1;1;0
1;2;1;1;0
0;1;1;1;0
0;1;1;1;0
2;0;2;2;0
1;2;1;1;0
0;1;1;1;0
2;1;4;4;0
0;2;0;0;0
0;1;0;0;0
0;2;1;1;0
0;1;0;0;0
0;0;0;0;0
0;1;0;0;0
1;2;2;2;0
0;1;1;1;0
1;2;2;2;0
0;1;0;0;0
1;0;1;1;0
0;2;1;1;0
0;2;1;1;0
0;0;1;1;0
0;1;0;0;0
0;1;1;1;0
1;1;3;3;0
0;1;1;1;0
0;0;0;0;0
0;1;1;1;0
1;1;3;3;0
0;0;1;1;0
0;0;1;1;0
0;2;1;1;0
0;1;1;1;0
0;1;2;2;0
0;0;3;3;0
0;1;0;0;0
0;1;3;3;0
0;0;2;2;0
0;0;0;0;0
1;1;2;2;0
1;2;1;1;0
1;0;1;1;0
2;0;5;5;0
0;1;1;1;0
1;0;1;1;0
0;0;0;0;0
0;0;0;0;0
1;1;2;2;0
0;1;0;0;0
1;1;1;1;0
0;0;2;2;0
0;0;1;1;0
0;1;2;2;0
0;1;2;2;0
0;1;2;2;0
0;0;0;0;0
0;1;2;2;0
0;2;0;0;0
0;1;0;0;0
0;0;0;0;0
0;1;2;2;0
0;2;1;1;0
0;1;0;0;0
1;1;2;2;0
1;1;2;2;0
0;1;4;4;0
0;2;0;0;0
0;3;1;1;0
1;0;2;2;0
0;3;0;0;0
0;2;1;1;0
1;0;2;2;0
0;1;1;1;0
0;0;2;2;0
0;0;2;2;0
0;3;2;2;0
0;1;1;1;0
1;0;1;1;0
0;0;1;1;0
0;0;1;1;0
1;1;2;2;0
0;0;1;1;0
0;0;0;0;0
1;2;1;1;0
1;1;1;1;0
0;2;1;1;0
0;2;1;1;0
0;2;0;0;0
0;0;1;1;0
0;2;1;1;0
1;0;2;2;0
1;0;1;1;0
1;0;2;2;0
0;2;2;2;0
0;1;1;1;0
0;0;0;0;0
0;1;0;0;0
0;1;1;1;0
0;4;0;0;0
0;0;0;0;0
0;1;4;4;0
0;1;1;1;0
0;0;0;0;0
0;1;2;2;0
0;1;1;1;0
0;1;1;1;0
0;2;2;2;0
1;2;2;2;0
0;2;1;1;0
0;1;0;0;0
0;0;0;0;0
0;1;0;0;0
0;1;0;0;0
0;1;2;2;0
0;1;0;0;0
0;0;1;1;0
0;0;0;0;0
0;0;3;3;0
2;1;3;3;0
0;1;2;2;0
0;0;0;0;0
0;1;1;1;0
0;1;0;0;0
0;1;2;2;0
0;0;1;1;0
0;1;0;0;0
0;2;0;0;0
0;1;2;2;0
2;0;3;3;0
0;0;3;3;0
0;1;2;2;0
0;0;0;0;0
0;0;1;1;0
0;4;0;0;0
0;1;0;0;0
0;0;1;1;0
0;2;0;0;0
0;1;0;0;0
0;1;1;1;0
0;2;1;1;0
0;1;0;0;0
1;1;2;2;0
0;0;0;0;0
0;0;2;2;0
0;0;2;2;0
0;0;3;3;0
0;2;2;2;0
0;0;2;2;0
0;1;2;2;0
0;0;1;1;0
0;3;0;0;0
1;1;4;4;0
0;2;1;1;0
0;0;1;1;0
0;1;0;0;0
0;0;0;0;0
0;2;1;1;0
0;1;3;3;0
0;0;3;3;0
0;0;1;1;0
1;2;4;4;0
1;1;2;2;0
0;3;1;1;0
0;2;0;0;0
0;0;2;2;0
0;1;0;0;0
0;0;0;0;0
0;0;1;1;0
0;1;0;0;0
0;0;0;0;0
0;0;0;0;0
0;1;0;0;0
0;1;2;2;0
0;0;0;0;0
0;1;1;1;0
0;0;1;1;0
1;2;2;2;0
0;2;0;0;0
0;3;0;0;0
0;2;2;2;0
0;2;0;0;0
0;2;2;2;0
0;1;3;3;0
0;0;0;0;0
0;3;1;1;0
0;1;0;0;0
0;1;0;0;0
0;0;2;2;0
0;0;1;1;0
0;1;1;1;0
0;3;1;1;0
0;3;1;1;0
0;1;0;0;0
1;3;2;2;0
0;1;0;0;0
0;1;1;1;0
0;0;1;1;0
0;2;1;1;0
0;0;0;0;0
0;0;1;1;0
0;1;1;1;0
0;0;1;1;0
0;0;0;0;0
0;0;0;0;0
0;0;1;1;0
1;2;3;3;0
0;0;0;0;0
1;1;3;3;0
0;1;2;2;0
0;1;1;1;0
0;0;1;1;0
1;0;2;2;0
0;2;1;1;0
0;0;1;1;0
0;2;0;0;0
0;3;0;0;0
1;0;1;1;0
0;1;0;0;0
0;0;1;1;0
0;0;0;0;0
0;2;2;2;0
1;1;1;1;0
0;1;0;0;0
0;1;2;2;0
0;1;0;0;0
0;0;3;3;0
0;1;0;0;0
0;0;0;0;0
0;1;0;0;0
0;1;1;1;0
0;1;0;0;0
0;0;1;1;0
1;1;1;1;0
1;1;4;4;0
0;1;0;0;0
0;0;0;0;0
0;0;2;2;0
3;1;4;4;0
0;2;1;1;0
0;0;1;1;0
0;2;2;2;0
0;2;2;2;0
0;1;0;0;0
0;1;0;0;0
0;1;2;2;0
0;1;0;0;0
2;1;2;2;0
0;0;1;1;0
0;0;2;2;0
0;0;0;0;0
0;0;0;0;0
0;1;1;1;0
0;0;0;0;0
1;2;2;2;0
0;0;0;0;0
0;0;1;1;0
0;2;1;1;0
0;0;0;0;0
0;3;0;0;0
1;0;1;1;0
0;0;1;1;0
0;0;2;2;0
0;1;0;0;0
1;0;1;1;0
0;1;0;0;0
0;0;0;0;0
1;3;1;1;0
1;0;1;1;0
0;0;1;1;0
1;2;2;2;0
0;1;1;1;0
1;1;2;2;0
0;1;3;3;0
2;2;2;2;0
0;2;1;1;0
0;0;1;1;0
1;0;1;1;0
0;2;1;1;0
0;0;0;0;0
0;0;1;1;0
0;1;0;0;0
0;2;0;0;0
0;0;2;2;0
0;0;2;2;0
0;1;2;2;0
0;0;0;0;0
0;1;1;1;0
0;0;1;1;0
0;1;0;0;0
1;1;2;2;0
0;0;1;1;0
0;0;1;1;0
0;0;1;1;0
0;1;2;2;0
0;2;1;1;0
0;0;0;0;0
0;0;0;0;0
0;0;0;0;0
1;0;2;2;0
0;0;1;1;0
0;0;3;3;0
1;1;2;2;0
0;1;0;0;0
0;1;1;1;0
0;1;0;0;0
0;3;2;2;0
0;0;1;1;0
1;1;2;2;0
0;1;0;0;0
0;0;3;3;0
1;1;1;1;0
0;0;2;2;0
0;1;0;0;0
2;0;3;3;0
0;0;0;0;0
0;2;0;0;0
0;2;0;0;0
0;2;1;1;0
0;0;1;1;0
0;1;1;1;0
0;1;2;2;0
0;0;0;0;0
0;1;0;0;0
0;1;1;1;0
0;1;0;0;0
0;1;0;0;0
0;2;1;1;0
0;1;0;0;0
0;0;2;2;0
0;0;1;1;0
1;0;2;2;0
0;1;0;0;0
0;1;1;1;0
0;3;2;2;0
0;1;2;2;0
0;0;2;2;0
0;1;0;0;0
0;0;1;1;0
0;2;2;2;0
1;1;1;1;0
0;1;0;0;0
0;0;0;0;0
0;3;0;0;0
0;0;2;2;0
0;2;0;0;0
0;0;3;3;0
0;1;0;0;0
0;0;0;0;0
1;0;1;1;0
1;0;3;3;0
0;1;1;1;0
2;1;3;3;0
0;1;0;0;0
0;2;2;2;0
0;0;4;4;0
0;0;1;1;0
0;1;0;0;0
1;0;2;2;0
0;0;0;0;0
0;1;2;2;0
0;0;1;1;0
0;2;0;0;0
0;1;4;4;0
0;1;0;0;0
0;0;3;3;0
0;1;1;1;0
0;2;2;2;0
0;2;2;2;0
2;2;3;3;0
0;0;1;1;0
0;1;1;1;0
0;2;2;2;0
0;0;3;3;0
0;0;1;1;0
1;0;3;3;0
0;0;2;2;0
1;2;2;2;0
0;0;0;0;0
0;3;1;1;0
0;0;0;0;0
2;0;3;3;0
0;0;0;0;0
0;2;0;0;0
0;1;2;2;0
0;1;1;1;0
1;0;4;4;0
0;2;1;1;0
1;4;2;2;0
0;1;0;0;0
0;0;1;1;0
1;1;1;1;0
1;0;1;1;0
0;2;0;0;0
0;1;0;0;0
0;0;1;1;0
0;4;0;0;0
0;0;0;0;0
1;3;1;1;0
0;1;1;1;0
0;2;1;1;0
0;2;0;0;0
0;1;1;1;0
1;1;3;3;0
0;1;6;6;0
0;2;2;2;0
0;3;1;1;0
0;1;1;1;0
0;2;0;0;0
0;2;1;1;0
0;1;0;0;0
0;0;1;1;0
0;1;1;1;0
0;0;1;1;0
0;1;0;0;0
0;0;2;2;0
0;0;2;2;0
0;2;0;0;0
0;1;0;0;0
1;3;1;1;0
0;1;0;0;0
1;1;1;1;0
0;0;1;1;0
0;1;0;0;0
1;0;2;2;0
0;0;2;2;0
0;0;0;0;0
1;0;3;3;0
0;1;1;1;0
0;0;0;0;0
0;0;1;1;0
3;0;4;4;0
0;1;1;1;0
0;1;2;2;0
1;0;1;1;0
0;1;0;0;0
0;2;1;1;0
0;6;0;0;0
0;2;2;2;0
1;1;1;1;0
1;1;1;1;0
0;0;2;2;0
0;1;1;1;0
0;0;3;3;0
0;1;0;0;0
1;1;2;2;0
0;1;1;1;0
1;0;2;2;0
0;2;2;2;0
0;2;1;1;0
0;0;0;0;0
0;0;0;0;0
0;0;2;2;0
1;0;2;2;0
0;0;2;2;0
0;1;2;2;0
0;0;0;0;0
1;1;1;1;0
0;2;0;0;0
0;0;1;1;0
0;2;0;0;0
0;1;1;1;0
0;0;2;2;0
1;1;1;1;0
0;1;1;1;0
0;1;0;0;0
0;2;0;0;0
0;0;2;2;0
0;0;0;0;0
0;1;1;1;0
0;0;1;1;0
1;2;1;1;0
0;0;0;0;0
0;0;0;0;0
1;2;1;1;0
0;1;2;2;0
1;3;3;3;0
0;0;1;1;0
1;1;1;1;0
0;1;0;0;0
1;1;1;1;0
0;2;2;2;0
1;1;3;3;0
0;0;0;0;0
0;0;0;0;0
0;2;3;3;0
0;1;1;1;0
0;2;1;1;0
0;2;1;1;0
0;0;0;0;0
0;0;2;2;0
1;0;1;1;0
0;1;0;0;0
0;0;1;1;0
1;1;2;2;0
0;2;1;1;0
0;0;2;2;0
0;1;2;2;0
1;0;1;1;0
0;0;1;1;0
0;2;1;1;0
0;0;0;0;0
1;1;2;2;0
0;1;1;1;0
0;0;1;1;0
0;0;0;0;0
0;0;1;1;0
1;0;2;2;0
1;2;5;5;0
0;2;0;0;0
2;1;3;3;0
1;0;2;2;0
1;0;1;1;0
0;0;0;0;0
0;2;2;2;0
0;2;1;1;0
1;0;1;1;0
0;0;2;2;0
0;3;0;0;0
0;1;0;0;0
1;1;3;3;0
0;1;0;0;0
0;0;2;2;0
0;2;3;3;0
0;0;0;0;0
0;0;0;0;0
0;1;1;1;0
0;1;5;5;0
0;1;0;0;0
0;2;4;4;0
0;2;0;0;0
0;0;0;0;0
0;1;1;1;0
0;1;0;0;0
0;0;2;2;0
0;1;0;0;0
0;1;0;0;0
1;1;2;2;0
0;0;1;1;0
0;1;0;0;0
0;1;0;0;0
1;4;2;2;0
0;0;0;0;0
0;1;4;4;0
0;1;1;1;0
0;0;1;1;0
1;0;3;3;0
0;2;2;2;0
0;1;0;0;0
0;0;0;0;0
0;2;2;2;0
0;0;1;1;0
0;0;1;1;0
0;2;1;1;0
0;0;0;0;0
0;2;0;0;0
1;3;1;1;0
1;0;2;2;0
0;0;1;1;0
0;1;0;0;0
0;5;2;2;0
0;0;1;1;0
0;4;2;2;0
1;0;1;1;0
0;0;0;0;0
0;1;0;0;0
0;0;3;3;0
0;2;0;0;0
0;0;1;1;0
0;0;0;0;0
0;1;0;0;0
0;1;0;0;0
0;0;0;0;0
1;0;4;4;0
0;1;0;0;0
0;0;1;1;0
0;4;1;1;0
1;1;4;4;0
0;1;1;1;0
0;2;1;1;0
0;2;1;1;0
1;0;1;1;0
0;0;2;2;0
0;2;1;1;0
0;1;1;1;0
0;1;1;1;0
0;1;0;0;0
0;0;0;0;0
0;0;1;1;0
0;0;1;1;0
1;1;1;1;0
0;1;0;0;0
0;0;1;1;0
0;2;0;0;0
0;1;0;0;0
0;2;1;1;0
0;0;1;1;0
0;0;2;2;0
0;0;0;0;0
0;3;0;0;0
0;0;1;1;0
0;1;1;1;0
0;0;0;0;0
1;0;2;2;0
1;0;3;3;0
1;0;2;2;0
0;3;2;2;0
0;0;1;1;0
0;1;2;2;0
0;1;0;0;0
0;3;0;0;0
0;1;1;1;0
1;1;1;1;0
0;1;0;0;0
1;0;5;5;0
0;2;1;1;0
1;1;3;3;0
0;1;0;0;0
1;1;3;3;0
0;0;0;0;0
0;0;0;0;0
0;1;0;0;0
0;1;0;0;0
0;0;1;1;0
2;0;4;4;0
0;1;2;2;0
0;0;1;1;0
0;0;1;1;0
0;1;0;0;0
0;1;1;1;0
0;2;2;2;0
0;0;1;1;0
0;0;2;2;0
0;1;0;0;0
0;1;1;1;0
1;0;1;1;0
1;1;3;3;0
0;2;2;2;0
0;1;2;2;0
0;2;2;2;0
0;1;0;0;0
0;2;0;0;0
0;0;0;0;0
0;0;1;1;0
0;1;2;2;0
0;0;0;0;0
0;0;1;1;0
0;4;1;1;0
0;1;0;0;0
0;2;1;1;0
0;0;1;1;0
0;2;0;0;0
1;0;3;3;0
0;0;1;1;0
1;0;1;1;0
0;0;1;1;0
0;1;2;2;0
0;2;1;1;0
0;2;0;0;0
0;1;1;1;0
1;1;4;4;0
0;0;0;0;0
0;1;1;1;0
0;2;2;2;0
1;1;1;1;0
0;2;0;0;0
0;0;1;1;0
1;1;1;1;0
1;0;1;1;0
0;2;1;1;0
3;2;5;5;0
0;2;0;0;0
1;2;1;1;0
0;0;0;0;0
0;0;2;2;0
0;0;2;2;0
1;1;2;2;0
0;2;0;0;0
2;0;2;2;0
2;1;4;4;0
0;1;0;0;0
0;0;1;1;0
0;1;3;3;0
0;1;0;0;0
0;0;0;0;0
1;2;2;2;0
0;1;2;2;0
0;0;1;1;0
0;1;0;0;0
0;2;1;1;0
0;1;0;0;0
0;0;1;1;0
0;1;0;0;0
0;3;1;1;0
0;0;1;1;0
0;1;2;2;0
0;2;2;2;0
0;0;1;1;0
0;0;2;2;0
0;1;1;1;0
0;0;0;0;0
0;0;0;0;0
0;1;1;1;0
0;2;1;1;0
0;0;1;1;0
0;0;0;0;0
1;0;2;2;0
0;2;1;1;0
1;2;1;1;0
0;1;0;0;0
1;0;1;1;0
0;0;0;0;0
0;2;0;0;0
2;0;2;2;0
0;1;1;1;0
0;3;1;1;0
0;0;2;2;0
1;0;1;1;0
0;1;1;1;0
1;2;2;2;0
0;1;1;1;0
0;0;0;0;0
0;1;1;1;0
0;0;0;0;0
0;1;0;0;0
1;0;1;1;0
1;1;2;2;0
0;1;2;2;0
0;2;1;1;0
0;2;0;0;0
0;1;2;2;0
0;2;0;0;0
1;1;2;2;0
2;0;3;3;0
0;0;0;0;0
0;1;2;2;0
0;1;1;1;0
0;1;0;0;0
0;0;0;0;0
0;1;0;0;0
0;1;0;0;0
0;0;2;2;0
0;0;0;0;0
0;0;0;0;0
1;0;1;1;0
0;0;1;1;0
0;0;0;0;0
0;1;1;1;0
0;1;1;1;0
0;2;0;0;0
0;0;0;0;0
0;1;1;1;0
0;1;1;1;0
0;1;0;0;0
1;0;3;3;0
0;1;0;0;0
1;0;1;1;0
0;0;2;2;0
1;0;1;1;0
1;1;2;2;0
0;2;1;1;0
0;1;1;1;0
2;0;5;5;0
1;2;1;1;0
0;0;1;1;0
0;1;0;0;0
0;1;0;0;0
0;0;0;0;0
0;2;0;0;0
0;1;1;1;0
0;0;0;0;0
0;0;0;0;0
1;0;3;3;0
1;0;2;2;0
1;2;2;2;0
0;0;0;0;0
1;0;2;2;0
1;0;1;1;0
2;1;2;2;0
0;0;0;0;0
0;1;0;0;0
0;1;0;0;0
0;0;1;1;0
0;0;2;2;0
2;1;4;4;0
0;1;1;1;0
0;0;1;1;0
0;2;0;0;0
0;0;0;0;0
0;0;1;1;0
1;2;2;2;0
1;0;1;1;0
0;1;3;3;0
0;1;0;0;0
0;1;0;0;0
1;3;1;1;0
0;0;2;2;0
1;1;2;2;0
1;0;1;1;0
0;0;0;0;0
0;0;0;0;0
1;0;3;3;0
0;1;0;0;0
0;0;1;1;0
0;0;0;0;0
0;2;1;1;0
0;1;0;0;0
0;1;0;0;0
0;0;0;0;0
0;1;0;0;0
0;0;0;0;0
0;0;0;0;0
0;0;0;0;0
1;0;1;1;0
1;0;1;1;0
0;1;1;1;0
0;2;1;1;0
1;2;1;1;0
0;1;0;0;0
0;1;2;2;0
0;0;0;0;0
0;0;2;2;0
0;1;0;0;0
2;1;3;3;0
0;0;1;1;0
0;3;1;1;0
1;0;1;1;0
0;0;0;0;0
0;0;0;0;0
0;2;1;1;0
1;1;1;1;0
0;0;1;1;0
1;0;1;1;0
0;0;1;1;0
1;2;1;1;0
1;0;1;1;0
0;1;1;1;0
0;0;0;0;0
1;1;2;2;0
0;0;0;0;0
0;0;1;1;0
0;0;0;0;0
1;0;2;2;0
0;0;1;1;0
0;0;0;0;0
0;0;1;1;0
1;0;1;1;0
0;0;2;2;0
1;1;2;2;0
0;1;0;0;0
0;0;0;0;0
0;0;3;3;0
2;2;3;3;0
0;0;0;0;0
2;2;2;2;0
0;0;1;1;0
0;1;0;0;0
0;1;1;1;0
0;1;0;0;0
0;0;1;1;0
0;0;0;0;0
1;0;1;1;0
1;1;1;1;0
0;0;2;2;0
0;1;1;1;0
1;0;1;1;0
1;1;1;1;0
0;0;1;1;0
0;0;0;0;0
0;1;0;0;0
1;0;4;4;0
2;1;3;3;0
0;0;1;1;0
0;1;0;0;0
0;0;4;4;0
2;1;3;3;0
0;1;0;0;0
0;0;2;2;0
0;1;0;0;0
1;0;1;1;0
0;2;2;2;0
0;1;0;0;0
0;0;1;1;0
0;0;0;0;0
2;3;3;3;0
0;1;0;0;0
1;0;3;3;0
0;0;0;0;0
0;1;0;0;0
0;0;0;0;0
1;1;3;3;0
0;0;0;0;0
0;1;0;0;0
0;0;1;1;0
1;0;1;1;0
1;0;1;1;0
0;2;0;0;0
0;1;0;0;0
2;0;3;3;0
2;0;2;2;0
0;1;0;0;0
1;0;1;1;0
0;0;0;0;0
0;3;1;1;0
0;1;0;0;0
0;1;0;0;0
0;0;0;0;0
0;4;1;1;0
1;1;1;1;0
0;0;1;1;0
0;2;0;0;0
0;0;1;1;0
3;0;3;3;0
0;2;2;2;0
0;0;1;1;0
0;1;1;1;0
0;0;1;1;0
0;1;2;2;0
1;0;1;1;0
0;2;0;0;0
0;0;0;0;0
0;0;2;2;0
1;0;2;2;0
0;2;0;0;0
0;0;1;1;0
0;0;1;1;0
0;1;1;1;0
1;0;1;1;0
0;0;1;1;0
1;0;1;1;0
0;0;1;1;0
1;1;4;4;0
0;0;0;0;0
0;0;2;2;0
0;0;1;1;0
0;0;1;1;0
0;1;0;0;0
0;0;0;0;0
0;0;0;0;0
1;0;4;4;0
0;1;1;1;0
0;0;2;2;0
0;1;0;0;0
0;0;2;2;0
0;1;1;1;0
0;0;0;0;0
1;2;2;2;0
0;1;0;0;0
1;1;1;1;0
0;1;1;1;0
1;2;1;1;0
0;0;0;0;0
2;0;2;2;0
0;0;0;0;0
0;2;1;1;0
2;1;2;2;0
0;0;1;1;0
0;1;1;1;0
0;1;0;0;0
0;1;1;1;0
0;0;0;0;0
2;1;2;2;0
0;0;0;0;0
0;1;0;0;0
0;3;0;0;0
1;0;1;1;0
0;2;0;0;0
0;1;0;0;0
0;1;1;1;0
0;0;2;2;0
0;0;0;0;0
2;0;2;2;0
1;3;3;3;0
0;1;1;1;0
0;2;1;1;0
1;0;1;1;0
0;2;2;2;0
0;1;1;1;0
0;0;2;2;0
0;1;6;6;0
0;0;0;0;0
0;0;2;2;0
1;1;2;2;0
0;0;0;0;0
0;0;1;1;0
0;0;0;0;0
0;0;0;0;0
0;1;1;1;0
2;0;2;2;0
0;1;1;1;0
0;1;0;0;0
1;0;3;3;0
0;1;0;0;0
1;0;1;1;0
0;0;0;0;0
0;0;0;0;0
0;0;0;0;0
0;0;0;0;0
0;0;2;2;0
0;0;0;0;0
0;0;1;1;0
1;1;1;1;0
2;2;2;2;0
0;0;0;0;0
0;0;1;1;0
1;2;2;2;0
0;1;0;0;0
0;1;1;1;0
1;0;3;3;0
0;2;1;1;0
1;1;2;2;0
0;2;1;1;0
0;6;1;1;0
3;0;5;5;0
1;2;2;2;0
0;1;1;1;0
0;0;1;1;0
1;1;1;1;0
0;0;0;0;0
0;0;3;3;0
0;1;0;0;0
0;0;1;1;0
0;1;1;1;0
0;0;0;0;0
2;2;3;3;0
0;0;1;1;0
2;0;4;4;0
0;0;1;1;0
0;0;1;1;0
0;0;1;1;0
0;0;3;3;0
1;2;2;2;0
0;0;1;1;0
1;1;1;1;0
0;0;0;0;0
0;0;1;1;0
0;0;1;1;0
0;1;0;0;0
1;1;4;4;0
0;0;0;0;0
0;1;0;0;0
0;2;0;0;0
0;1;0;0;0
1;1;2;2;0
0;1;3;3;0
0;1;0;0;0
0;2;0;0;0
0;1;1;1;0
0;1;0;0;0
0;1;1;1;0
1;0;3;3;0
0;0;0;0;0
0;3;1;1;0
0;0;0;0;0
0;1;1;1;0
0;1;1;1;0
1;0;2;2;0
1;1;1;1;0
0;1;3;3;0
0;2;0;0;0
0;1;1;1;0
0;1;1;1;0
1;1;2;2;0
2;3;2;2;0
1;1;1;1;0
0;1;0;0;0
0;0;2;2;0
0;0;2;2;0
1;1;2;2;0
0;1;1;1;0
0;0;0;0;0
0;3;1;1;0
0;0;0;0;0
1;0;1;1;0
0;0;1;1;0
1;0;1;1;0
0;1;2;2;0
2;3;3;3;0
1;0;1;1;0
0;0;0;0;0
0;1;1;1;0
3;0;5;5;0
1;1;1;1;0
0;2;0;0;0
0;0;3;3;0
0;1;0;0;0
0;0;1;1;0
0;1;0;0;0
1;1;2;2;0
0;1;1;1;0
0;0;2;2;0
0;3;3;3;0
0;0;0;0;0
0;1;1;1;0
0;1;1;1;0
0;1;1;1;0
0;0;1;1;0
0;0;0;0;0
1;0;2;2;0
1;2;1;1;0
1;2;3;3;0
0;1;2;2;0
2;1;2;2;0
0;0;0;0;0
0;1;0;0;0
1;0;1;1;0
0;0;2;2;0
1;1;2;2;0
0;0;1;1;0
0;2;3;3;0
0;1;1;1;0
0;0;1;1;0
0;0;2;2;0
0;1;0;0;0
0;2;0;0;0
0;0;1;1;0
0;0;0;0;0
1;3;1;1;0
0;0;1;1;0
1;1;1;1;0
1;0;2;2;0
0;1;1;1;0
1;1;3;3;0
0;2;1;1;0
0;3;1;1;0
0;0;0;0;0
0;1;0;0;0
2;1;3;3;0
0;1;0;0;0
2;1;4;4;0
0;0;3;3;0
0;1;0;0;0
0;0;0;0;0
1;2;1;1;0
1;2;5;5;0
1;0;3;3;0
1;0;2;2;0
0;0;1;1;0
1;0;1;1;0
1;2;6;6;0
0;1;0;0;0
2;1;3;3;0
0;3;1;1;0
0;1;1;1;0
0;1;1;1;0
1;2;2;2;0
0;0;4;4;0
1;0;3;3;0
1;1;1;1;0
1;0;4;4;0
0;0;0;0;0
2;1;5;5;0
0;0;3;3;0
2;1;5;5;0
1;1;3;3;0
0;2;3;3;0
1;1;1;1;0
1;1;2;2;0
3;0;6;6;0
0;0;2;2;0
0;1;0;0;0
1;0;4;4;0
1;2;2;2;0
1;3;2;2;0
2;0;3;3;0
2;0;3;3;0
1;0;2;2;0
0;4;2;2;0
1;2;2;2;0
1;1;2;2;0
0;1;0;0;0
0;0;2;2;0
0;5;0;0;0
0;0;2;2;0
2;1;2;2;0
1;1;2;2;0
0;1;2;2;0
0;1;0;0;0
2;1;3;3;0
1;4;2;2;0
2;2;4;4;0
0;0;0;0;0
0;3;1;1;0
0;0;0;0;0
2;3;2;2;0
0;3;1;1;0
1;3;1;1;0
0;2;0;0;0
0;3;1;1;0
1;0;2;2;0
0;1;2;2;0
0;3;0;0;0
0;2;1;1;0
0;0;2;2;0
0;3;0;0;0
1;1;3;3;0
1;1;3;3;0
0;1;1;1;0
1;1;1;1;0
0;1;1;1;0
0;2;3;3;0
0;1;1;1;0
0;1;3;3;0
0;0;0;0;0
2;2;3;3;0
1;0;1;1;0
0;2;0;0;0
0;0;4;4;0
0;1;2;2;0
2;2;2;2;0
2;0;2;2;0
2;1;3;3;0
2;1;2;2;0
0;2;0;0;0
0;0;0;0;0
1;1;2;2;0
0;0;1;1;0
1;0;3;3;0
1;1;2;2;0
0;0;1;1;0
3;0;3;3;0
0;1;1;1;0
2;1;2;2;0
1;2;2;2;0
1;0;2;2;0
2;1;3;3;0
3;2;4;4;0
2;0;5;5;0
0;2;3;3;0
2;2;7;7;0
1;1;5;5;0
0;0;4;4;0
3;1;5;5;0
3;3;7;7;0
1;1;3;3;0
0;3;5;5;0
2;0;7;7;0
3;1;10;10;0
2;0;11;11;0
4;0;6;6;0
3;4;12;12;0
12;2;22;22;0
7;0;11;11;0
9;0;23;23;0
9;1;25;25;0
16;0;32;32;0
13;0;31;31;0
10;0;32;32;0
17;1;35;35;0
9;1;31;31;0
17;2;34;34;0
17;1;32;32;0
21;1;35;35;0
17;0;41;41;0
21;1;41;41;0
19;0;29;29;0
21;1;36;36;0
18;1;31;31;0
18;1;29;29;0
18;1;28;28;0
16;3;27;27;0
2;3;8;8;0
7;5;20;20;0
7;4;10;10;0
6;4;8;8;0
1;2;6;6;0
6;4;8;8;0
5;2;7;7;0
6;5;9;9;0
3;5;5;5;0
2;7;7;7;0
1;9;2;2;0
1;2;3;3;0
2;9;5;5;0
3;10;3;3;0
1;4;4;4;0
1;14;4;4;0
1;16;5;5;0
1;16;4;4;0
2;18;2;2;0
6;22;9;9;0
0;18;3;3;0
2;22;5;5;0
0;17;1;1;0
1;15;10;10;0
2;14;6;6;0
0;24;1;1;0
0;20;2;2;0
0;10;7;7;0
0;15;3;3;0
2;13;3;3;0
2;11;8;8;0
4;10;8;8;0
7;11;13;13;0
3;6;6;6;0
5;13;11;11;0
5;3;8;8;0
4;2;5;5;0
1;5;6;6;0
7;2;12;12;0
2;2;11;11;0
4;3;10;10;0
8;2;17;17;0
3;5;8;8;0
5;1;10;10;0
4;2;12;12;0
8;3;19;19;0
5;0;15;15;0
9;3;16;16;0
11;3;23;23;0
6;4;20;20;0
11;3;33;33;0
12;0;31;31;0
7;3;37;37;0
11;3;37;37;0
21;3;39;39;0
17;1;41;41;0
24;9;57;57;0
28;4;66;66;0
31;1;73;73;0
38;2;100;100;0
40;7;113;113;0
51;3;122;122;0
68;1;160;160;0
71;6;180;180;0
93;4;216;216;0
94;6;233;233;0
121;3;277;277;0
127;6;327;327;0
170;3;360;360;0
205;1;432;432;0
205;5;489;489;0
243;5;538;538;0
263;9;568;568;0
280;6;587;587;0
340;9;689;689;0
352;5;686;686;0
319;5;657;657;0
344;8;675;675;0
372;11;705;705;0
381;10;702;702;0
340;7;628;628;0
331;12;559;559;0
314;14;518;518;0
282;22;463;463;0
258;19;391;391;0
183;30;286;286;0
144;26;237;237;0
138;18;193;193;0
97;24;136;136;0
78;33;111;111;0
50;38;67;67;0
35;42;49;49;0
17;62;23;23;0
14;73;17;17;0
13;71;24;24;0
8;92;9;9;0
7;109;10;10;0
7;123;13;13;0
6;139;10;10;0
6;156;11;11;0
6;200;9;9;0
5;190;12;12;0
2;227;9;9;0
6;284;6;6;0
3;295;5;5;0
1;305;5;5;0
0;307;5;5;0
5;349;9;9;0
5;334;7;7;0
2;338;5;5;0
3;331;3;3;0
0;333;6;6;0
1;321;4;4;0
2;288;5;5;0
4;228;8;8;0
2;204;5;5;0
3;181;5;5;0
3;133;4;4;0
2;103;5;5;0
2;93;5;5;0
1;55;5;5;0
1;39;8;8;0
8;33;12;12;0
2;17;3;3;0
0;14;2;2;0
8;6;12;12;0
3;3;10;10;0
8;11;10;10;0
3;1;10;10;0
3;3;9;9;0
4;6;12;12;0
6;4;15;15;0
3;5;8;8;0
4;3;12;12;0
6;7;22;22;0
4;7;14;14;0
11;0;24;24;0
10;2;24;24;0
12;4;36;36;0
11;5;26;26;0
16;4;29;29;0
9;2;31;31;0
12;3;22;22;0
9;0;24;24;0
21;6;37;37;0
10;3;25;25;0
12;3;23;23;0
11;4;32;32;0
18;3;38;38;0
16;2;24;24;0
14;1;28;28;0
10;3;17;17;0
10;3;24;24;0
8;4;23;23;0
10;7;24;24;0
5;4;11;11;0
9;1;16;16;0
4;2;7;7;0
7;4;12;12;0
5;7;7;7;0
10;2;22;22;0
10;7;18;18;0
5;6;9;9;0
5;8;18;18;0
8;9;21;21;0
9;5;18;18;0
6;8;9;9;0
11;16;18;18;0
3;10;14;14;0
4;13;12;12;0
5;14;19;19;0
11;24;17;17;0
1;15;11;11;0
7;13;11;11;0
5;22;12;12;0
6;10;14;14;0
6;15;10;10;0
11;16;20;20;0
6;15;10;10;0
7;11;15;15;0
6;21;16;16;0
4;20;4;4;0
7;8;13;13;0
8;14;20;20;0
6;7;15;15;0
7;14;15;15;0
6;15;19;19;0
6;14;16;16;0
4;6;10;10;0
6;7;14;14;0
7;3;16;16;0
12;5;21;21;0
5;2;22;22;0
6;12;18;18;0
9;8;22;22;0
12;4;30;30;0
16;13;30;30;0
11;13;33;33;0
18;9;33;33;0
15;3;35;35;0
25;7;52;52;0
24;11;53;53;0
30;8;67;67;0
32;14;66;66;0
34;6;82;82;0
43;10;95;95;0
40;4;94;94;0
64;7;144;144;0
52;8;133;133;0
69;4;158;158;0
92;9;193;193;0
103;4;218;218;0
90;8;223;223;0
116;10;251;251;0
149;0;305;305;0
156;6;320;320;0
162;12;352;352;0
168;9;360;360;0
208;8;377;377;0
198;13;411;411;0
205;10;410;410;0
224;6;420;420;0
202;8;370;370;0
228;9;390;390;0
194;9;380;380;0
209;17;362;362;0
163;12;309;309;0
151;13;282;282;0
148;18;259;259;0
111;14;187;187;0
99;22;166;166;0
84;15;132;132;0
64;20;123;123;0
37;27;78;78;0
26;29;65;65;0
35;37;51;51;0
28;34;60;60;0
25;48;54;54;0
17;52;44;44;0
22;54;52;52;0
25;80;58;58;0
15;81;46;46;0
30;89;63;63;0
30;101;74;74;0
31;115;71;71;0
40;133;80;80;0
40;135;83;83;0
40;156;88;88;0
28;164;80;80;0
34;190;91;91;0
56;192;140;140;0
50;169;124;124;0
74;213;158;158;0
67;205;152;152;0
67;196;159;159;0
73;168;195;195;0
85;162;206;206;0
138;186;313;313;0
112;153;301;301;0
162;146;359;359;0
185;131;419;419;0
205;111;494;494;0
260;76;553;553;0
287;67;640;640;0
367;48;775;775;0
416;59;894;894;0
485;41;1016;1016;0
535;39;1122;1122;0
630;16;1321;1321;0
700;32;1482;1482;0
764;29;1606;1606;0
862;27;1784;1784;0
1005;30;2012;2012;0
1042;33;2083;2083;0
1050;31;2125;2125;0
1137;33;2232;2232;0
1224;44;2331;2331;0
1149;40;2270;2270;0
1166;40;2245;2245;0
1123;43;2099;2099;0
1028;48;1970;1970;0
1002;52;1831;1831;0
870;57;1629;1629;0
772;84;1400;1400;0
676;74;1229;1229;0
541;84;1012;1012;0
474;85;832;832;0
341;92;606;606;0
285;122;512;512;0
206;121;424;424;0
194;175;382;382;0
193;189;384;384;0
182;197;376;376;0
167;234;378;378;0
223;289;463;463;0
219;293;471;471;0
277;353;611;611;0
302;408;663;663;0
325;478;715;715;0
418;531;911;911;0
455;587;1055;1055;0
504;691;1130;1130;0
638;782;1338;1338;0
680;842;1507;1507;0
761;922;1680;1680;0
960;1007;2082;2082;0
1076;1041;2344;2344;0
1332;1075;2765;2765;0
1531;1095;3225;3225;0
1696;1107;3643;3643;0
1940;1121;4057;4057;0
2202;1079;4491;4491;0
2444;976;4957;4957;0
2732;942;5527;5527;0
2889;829;5837;5837;0
3165;759;6302;6302;0
3348;628;6585;6585;0
3431;553;6755;6755;0
3595;471;6920;6920;0
3581;358;6784;6784;0
3512;265;6614;6614;0
3296;227;6245;6245;0
3127;218;5766;5766;0
2882;188;5350;5350;0
2490;191;4524;4524;0
2048;194;3820;3820;0
1801;211;3192;3192;0
1375;240;2438;2438;0
1001;252;1882;1882;0
812;334;1470;1470;0
549;361;1011;1011;0
418;390;738;738;0
270;493;505;505;0
216;600;423;423;0
167;626;322;322;0
144;700;286;286;0
169;827;312;312;0
162;919;321;321;0
147;1122;324;324;0
179;1268;340;340;0
182;1433;347;347;0
179;1694;374;374;0
204;1947;368;368;0
235;2117;436;436;0
175;2289;352;352;0
192;2513;377;377;0
177;2795;324;324;0
178;2948;333;333;0
183;3137;316;316;0
127;3237;243;243;0
126;3324;258;258;0
105;3325;210;210;0
87;3203;146;146;0
67;3102;136;136;0
57;2949;108;108;0
41;2639;88;88;0
30;2468;48;48;0
19;2034;38;38;0
19;1772;32;32;0
9;1391;18;18;0
7;1063;14;14;0
4;881;16;16;0
16;658;22;22;0
7;462;21;21;0
2;320;6;6;0
10;235;21;21;0
8;207;17;17;0
10;155;24;24;0
8;142;18;18;0
13;143;29;29;0
15;159;31;31;0
15;177;32;32;0
19;161;33;33;0
22;165;39;39;0
21;195;33;33;0
18;164;31;31;0
13;201;25;25;0
23;177;41;41;0
9;185;20;20;0
10;147;22;22;0
11;155;24;24;0
17;133;24;24;0
9;116;16;16;0
10;132;17;17;0
5;105;13;13;0
1;59;9;9;0
5;69;8;8;0
3;51;5;5;0
5;47;10;10;0
4;18;7;7;0
3;19;5;5;0
7;13;8;8;0
4;9;6;6;0
1;7;3;3;0
2;12;3;3;0
2;6;3;3;0
1;14;2;2;0
2;4;3;3;0
0;11;0;0;0
2;9;4;4;0
2;14;2;2;0
0;10;4;4;0
4;16;6;6;0
2;16;3;3;0
3;17;5;5;0
0;14;1;1;0
1;17;2;2;0
1;12;3;3;0
1;13;1;1;0
5;12;7;7;0
1;18;8;8;0
2;11;5;5;0
6;12;10;10;0
2;13;5;5;0
3;7;6;6;0
0;7;2;2;0
2;7;5;5;0
4;8;7;7;0
5;8;7;7;0
1;3;4;4;0
2;2;7;7;0
3;5;3;3;0
2;3;4;4;0
1;2;4;4;0
2;1;6;6;0
2;2;3;3;0
3;2;5;5;0
2;1;6;6;0
2;1;6;6;0
2;1;3;3;0
1;1;3;3;0
5;0;7;7;0
2;2;3;3;0
7;0;9;9;0
3;4;6;6;0
3;2;5;5;0
10;1;14;14;0
4;2;12;12;0
9;1;16;16;0
11;1;21;21;0
15;2;27;27;0
14;0;22;22;0
6;2;17;17;0
13;7;31;31;0
15;3;25;25;0
19;4;43;43;0
18;3;33;33;0
24;3;43;43;0
33;2;72;72;0
38;3;64;64;0
29;3;61;61;0
32;2;73;73;0
47;3;83;83;0
44;5;77;77;0
57;0;89;89;0
52;2;93;93;0
73;3;120;120;0
61;4;127;127;0
65;1;127;127;0
74;2;139;139;0
75;4;156;156;0
88;4;172;172;0
66;1;125;125;0
79;2;162;162;0
83;2;153;153;0
57;1;129;129;0
76;2;150;150;0
59;3;134;134;0
54;2;100;100;0
49;4;87;87;0
34;8;74;74;0
24;7;45;45;0
12;10;37;37;0
16;12;37;37;0
13;8;28;28;0
3;11;10;10;0
4;18;11;11;0
4;10;8;8;0
0;24;6;6;0
2;15;8;8;0
2;19;4;4;0
2;39;8;8;0
2;26;4;4;0
2;32;5;5;0
6;41;7;7;0
3;36;4;4;0
4;33;6;6;0
0;32;4;4;0
1;41;5;5;0
3;47;7;7;0
3;66;4;4;0
1;62;5;5;0
1;65;5;5;0
7;81;12;12;0
5;84;6;6;0
2;59;9;9;0
4;83;9;9;0
5;70;10;10;0
3;72;8;8;0
5;74;9;9;0
1;75;7;7;0
3;46;11;11;0
9;38;18;18;0
6;40;16;16;0
9;21;18;18;0
14;25;26;26;0
8;21;16;16;0
9;15;21;21;0
10;7;23;23;0
14;7;22;22;0
13;4;30;30;0
18;6;46;46;0
20;6;37;37;0
27;2;41;41;0
22;6;55;55;0
35;2;66;66;0
39;3;66;66;0
42;1;77;77;0
46;1;92;92;0
71;2;114;114;0
57;4;111;111;0
83;4;152;152;0
78;4;166;166;0
110;1;196;196;0
139;4;240;240;0
144;4;269;269;0
154;5;314;314;0
159;1;317;317;0
170;7;343;343;0
202;5;367;367;0
196;5;389;389;0
230;5;415;415;0
226;4;437;437;0
241;6;453;453;0
220;8;459;459;0
234;9;441;441;0
216;10;445;445;0
204;9;406;406;0
189;12;390;390;0
145;8;303;303;0
128;12;299;299;0
95;13;238;238;0
94;8;209;209;0
66;17;155;155;0
55;28;116;116;0
39;17;96;96;0
17;14;46;46;0
13;33;32;32;0
14;31;30;30;0
7;27;16;16;0
7;35;17;17;0
10;46;18;18;0
3;43;13;13;0
9;54;17;17;0
5;69;11;11;0
10;88;15;15;0
7;86;14;14;0
10;101;18;18;0
16;125;21;21;0
16;160;26;26;0
10;158;20;20;0
9;173;18;18;0
16;165;25;25;0
11;193;28;28;0
17;185;27;27;0
19;211;28;28;0
23;212;39;39;0
22;239;46;46;0
27;207;48;48;0
32;229;57;57;0
32;202;61;61;0
37;201;87;87;0
50;158;96;96;0
63;171;111;111;0
66;143;135;135;0
61;115;127;127;0
91;89;161;161;0
122;61;212;212;0
146;57;253;253;0
133;29;259;259;0
168;19;303;303;0
196;16;361;361;0
234;9;395;395;0
226;10;404;404;0
264;8;486;486;0
267;10;502;502;0
240;8;471;471;0
284;6;580;580;0
301;5;546;546;0
277;7;576;576;0
305;8;553;553;0
283;5;559;559;0
243;10;485;485;0
237;10;494;494;0
204;9;429;429;0
180;9;373;373;0
145;17;309;309;0
97;10;251;251;0
77;9;186;186;0
48;16;128;128;0
37;24;99;99;0
20;21;61;61;0
16;25;49;49;0
10;29;36;36;0
3;50;14;14;0
0;46;8;8;0
5;48;7;7;0
4;69;6;6;0
4;66;7;7;0
1;70;3;3;0
0;90;0;0;0
1;107;1;1;0
0;126;0;0;0
1;135;1;1;0
0;165;1;1;0
1;161;2;2;0
1;178;1;1;0
0;222;1;1;0
1;235;2;2;0
0;231;0;0;0
0;296;1;1;0
1;245;2;2;0
0;299;0;0;0
0;248;0;0;0
0;276;2;2;0
1;242;1;1;0
0;257;0;0;0
0;225;1;1;0
0;193;0;0;0
0;164;1;1;0
0;154;0;0;0
0;109;0;0;0
0;80;0;0;0
0;62;0;0;0
1;41;3;3;0
0;33;0;0;0
0;26;1;1;0
0;11;0;0;0
0;8;0;0;0
0;2;0;0;0
0;2;0;0;0
0;3;1;1;0
1;2;2;2;0
1;0;1;1;0
0;0;1;1;0
0;0;0;0;0
0;0;1;1;0
0;1;0;0;0
0;1;0;0;0
0;0;0;0;0
0;1;0;0;0
0;1;0;0;0
0;0;0;0;0
0;1;0;0;0
0;1;0;0;0
0;0;0;0;0
1;0;1;1;0
0;2;1;1;0
0;0;0;0;0
0;0;0;0;0
2;1;2;2;0
0;0;1;1;0
0;1;1;1;0
0;0;0;0;0
0;0;1;1;0
0;0;0;0;0
0;0;0;0;0
0;2;1;1;0
0;0;0;0;0
0;1;1;1;0
0;0;1;1;0
1;0;1;1;0
1;0;1;1;0
0;0;0;0;0
0;1;0;0;0
0;1;0;0;0
0;0;1;1;0
0;1;0;0;0
2;0;2;2;0
1;1;1;1;0
0;0;1;1;0
2;0;2;2;0
0;0;0;0;0
0;0;1;1;0
0;0;1;1;0
1;0;1;1;0
1;0;1;1;0
1;0;2;2;0
0;0;1;1;0
0;0;1;1;0
0;1;1;1;0
1;0;1;1;0
1;0;2;2;0
3;0;3;3;0
1;1;2;2;0
0;1;0;0;0
0;0;0;0;0
0;1;1;1;0
0;0;0;0;0
0;0;1;1;0
1;1;2;2;0
1;0;2;2;0
0;1;2;2;0
0;1;2;2;0
2;0;3;3;0
0;0;0;0;0
2;0;4;4;0
0;0;0;0;0
1;0;2;2;0
0;1;1;1;0
0;0;2;2;0
0;0;1;1;0
1;0;1;1;0
4;1;5;5;0
2;0;2;2;0
3;0;5;5;0
1;1;1;1;0
3;1;4;4;0
4;0;7;7;0
2;0;3;3;0
1;1;5;5;0
1;1;6;6;0
2;1;2;2;0
3;1;6;6;0
2;0;4;4;0
3;1;4;4;0
5;0;6;6;0
7;1;7;7;0
6;0;11;11;0
5;0;7;7;0
8;1;13;13;0
7;0;14;14;0
8;1;13;13;0
10;1;19;19;0
15;1;23;23;0
22;2;31;31;0
17;2;27;27;0
20;1;31;31;0
10;0;24;24;0
16;2;29;29;0
29;0;46;46;0
40;1;68;68;0
34;1;60;60;0
32;2;57;57;0
40;1;75;75;0
44;0;78;78;0
55;1;99;99;0
60;0;109;109;0
68;2;126;126;0
89;0;148;148;0
88;1;169;169;0
85;3;154;154;0
108;1;191;191;0
98;4;180;180;0
86;5;172;172;0
89;0;184;184;0
88;3;183;183;0
91;2;186;186;0
66;1;154;154;0
66;1;165;165;0
47;0;127;127;0
55;5;126;126;0
42;2;100;100;0
42;5;99;99;0
29;7;66;66;0
26;5;75;75;0
17;9;41;41;0
9;8;26;26;0
7;9;23;23;0
5;10;20;20;0
3;11;10;10;0
1;14;7;7;0
2;13;5;5;0
4;17;7;7;0
2;28;4;4;0
0;26;1;1;0
0;25;0;0;0
1;35;2;2;0
1;34;2;2;0
3;44;4;4;0
2;49;3;3;0
0;58;2;2;0
4;59;7;7;0
4;81;7;7;0
4;69;6;6;0
4;83;5;5;0
2;82;5;5;0
5;86;7;7;0
3;95;5;5;0
1;95;4;4;0
5;95;5;5;0
7;88;11;11;0
4;99;8;8;0
11;80;18;18;0
8;71;17;17;0
9;58;19;19;0
9;57;20;20;0
15;37;27;27;0
13;49;20;20;0
12;24;23;23;0
16;17;29;29;0
15;16;32;32;0
9;15;28;28;0
20;7;32;32;0
33;6;56;56;0
36;3;51;51;0
39;3;68;68;0
42;2;76;76;0
51;1;92;92;0
67;0;99;99;0
78;1;124;124;0
73;1;133;133;0
88;1;159;159;0
126;1;198;198;0
132;2;219;219;0
126;3;217;217;0
178;3;282;282;0
153;2;280;280;0
174;1;310;310;0
205;3;342;342;0
222;2;382;382;0
210;2;385;385;0
225;3;426;426;0
228;0;428;428;0
229;4;430;430;0
229;4;441;441;0
245;7;477;477;0
211;9;422;422;0
194;10;436;436;0
165;11;392;392;0
189;12;363;363;0
134;7;289;289;0
103;11;287;287;0
108;13;264;264;0
53;17;199;199;0
49;19;151;151;0
23;12;111;111;0
15;23;78;78;0
15;15;63;63;0
4;29;30;30;0
4;34;30;30;0
2;41;17;17;0
2;32;13;13;0
1;46;4;4;0
0;60;1;1;0
0;71;3;3;0
1;72;3;3;0
0;87;1;1;0
0;91;0;0;0
0;104;2;2;0
0;127;2;2;0
0;136;0;0;0
0;137;0;0;0
2;160;2;2;0
0;175;0;0;0
1;201;1;1;0
0;200;0;0;0
0;201;0;0;0
1;212;1;1;0
0;232;0;0;0
1;211;1;1;0
0;242;0;0;0
0;227;0;0;0
0;174;0;0;0
0;155;3;3;0
1;184;1;1;0
0;156;0;0;0
0;146;1;1;0
0;102;1;1;0
0;88;0;0;0
0;63;0;0;0
0;48;0;0;0
0;26;2;2;0
0;26;1;1;0
0;15;1;1;0
0;11;1;1;0
0;3;1;1;0
0;1;0;0;0
0;3;0;0;0
0;2;0;0;0
0;1;0;0;0
1;0;1;1;0
0;2;0;0;0
0;2;0;0;0
2;0;3;3;0
0;0;2;2;0
1;0;1;1;0
0;0;0;0;0
0;0;0;0;0
0;0;0;0;0
0;0;1;1;0
0;0;0;0;0
0;0;1;1;0
0;0;0;0;0
0;0;0;0;0
0;0;0;0;0
0;0;1;1;0
0;3;1;1;0
0;0;0;0;0
0;0;0;0;0
0;1;0;0;0
0;1;0;0;0
0;0;0;0;0
1;0;1;1;0
0;0;0;0;0
0;2;0;0;0
1;1;2;2;0
0;1;0;0;0
0;1;0;0;0
0;1;0;0;0
0;0;0;0;0
0;0;0;0;0
0;0;0;0;0
0;0;0;0;0
0;0;0;0;0
0;0;0;0;0
0;0;0;0;0
0;1;1;1;0
0;2;1;1;0
0;0;1;1;0
0;0;0;0;0
0;0;0;0;0
0;0;0;0;0
0;1;1;1;0
0;0;0;0;0
0;1;0;0;0
0;0;0;0;0
0;0;1;1;0
1;0;1;1;0
0;1;0;0;0
0;1;3;3;0
0;0;0;0;0
0;0;0;0;0
0;0;0;0;0
1;0;2;2;0
0;0;0;0;0
0;0;0;0;0
0;0;0;0;0
0;0;0;0;0
0;1;0;0;0
0;0;1;1;0
0;0;0;0;0
1;0;2;2;0
0;0;0;0;0
0;0;0;0;0
0;0;0;0;0
0;0;1;1;0
0;0;0;0;0
0;0;0;0;0
2;0;2;2;0
0;1;1;1;0
0;1;0;0;0
1;1;1;1;0
0;0;0;0;0
0;0;0;0;0
0;0;0;0;0
0;1;0;0;0
1;0;1;1;0
0;0;0;0;0
0;0;0;0;0
0;1;0;0;0
1;0;1;1;0
0;0;1;1;0
0;3;1;1;0
0;0;0;0;0
0;0;0;0;0
0;0;0;0;0
0;1;0;0;0
0;0;0;0;0
0;0;0;0;0
0;0;1;1;0
0;0;0;0;0
0;0;0;0;0
0;1;0;0;0
0;0;0;0;0
0;1;0;0;0
0;0;0;0;0
0;0;0;0;0
0;0;0;0;0
1;1;1;1;0
1;0;1;1;0
0;0;0;0;0
2;0;2;2;0
0;1;0;0;0
1;0;1;1;0
0;0;1;1;0
0;0;1;1;0
0;0;0;0;0
0;0;0;0;0
0;0;0;0;0
0;0;0;0;0
0;0;0;0;0
0;0;0;0;0
0;0;0;0;0
0;0;1;1;0
0;1;0;0;0
0;1;0;0;0
1;0;1;1;0
0;0;0;0;0
0;0;0;0;0
0;0;0;0;0
0;0;0;0;0
0;0;1;1;0
0;1;0;0;0
0;0;1;1;0
0;0;0;0;0
0;0;0;0;0
0;0;1;1;0
0;0;1;1;0
0;0;2;2;0
0;0;0;0;0
0;0;1;1;0
0;0;1;1;0
0;0;0;0;0
0;0;0;0;0
1;0;2;2;0
0;0;0;0;0
0;0;0;0;0
1;1;1;1;0
0;1;1;1;0
0;0;1;1;0
0;0;0;0;0
0;0;0;0;0
0;0;1;1;0
0;0;0;0;0
1;0;1;1;0
0;0;1;1;0
1;1;1;1;0
0;0;0;0;0
1;0;1;1;0
0;0;0;0;0
1;0;1;1;0
0;0;0;0;0
1;0;2;2;0
0;0;0;0;0
0;1;0;0;0
0;0;0;0;0
0;1;1;1;0
0;0;1;1;0
0;0;0;0;0
1;1;1;1;0
0;1;2;2;0
0;2;1;1;0
0;0;0;0;0
0;1;1;1;0
1;1;1;1;0
1;0;1;1;0
1;0;1;1;0
0;1;1;1;0
0;0;1;1;0
0;0;0;0;0
1;0;1;1;0
0;1;1;1;0
0;1;0;0;0
0;0;0;0;0
0;0;0;0;0
0;1;0;0;0
0;0;1;1;0
0;0;0;0;0
0;1;2;2;0
0;0;1;1;0
1;0;1;1;0
0;0;0;0;0
1;0;1;1;0
0;0;0;0;0
0;0;0;0;0
0;1;0;0;0
1;0;1;1;0
0;0;1;1;0
0;0;1;1;0
0;1;0;0;0
0;1;1;1;0
0;0;0;0;0
0;0;0;0;0
0;2;0;0;0
0;1;1;1;0
0;0;0;0;0
0;1;1;1;0
0;0;0;0;0
0;0;1;1;0
0;0;0;0;0
0;1;0;0;0
1;1;1;1;0
0;0;0;0;0
0;0;0;0;0
0;1;0;0;0
0;0;0;0;0
0;0;1;1;0
0;0;3;3;0
0;0;2;2;0
1;1;1;1;0
2;0;2;2;0
0;2;1;1;0
0;1;1;1;0
1;0;2;2;0
0;0;1;1;0
0;0;0;0;0
0;0;0;0;0
0;0;1;1;0
0;0;0;0;0
0;0;0;0;0
1;1;1;1;0
0;1;0;0;0
0;0;0;0;0
0;1;0;0;0
1;0;1;1;0
0;0;0;0;0
0;0;0;0;0
0;1;0;0;0
0;0;1;1;0
1;1;1;1;0
0;0;0;0;0
0;1;0;0;0
0;0;0;0;0
0;0;1;1;0
0;0;1;1;0
0;0;0;0;0
0;0;0;0;0
0;0;1;1;0
0;0;1;1;0
0;1;0;0;0
0;3;0;0;0
0;2;0;0;0
0;0;0;0;0
0;0;0;0;0
1;1;1;1;0
1;1;1;1;0
0;1;1;1;0
0;1;1;1;0
0;0;0;0;0
1;0;1;1;0
0;1;0;0;0
0;0;0;0;0
0;0;0;0;0
0;0;0;0;0
0;0;0;0;0
0;0;1;1;0
0;0;1;1;0
1;0;1;1;0
1;0;2;2;0
0;0;0;0;0
0;0;0;0;0
0;1;0;0;0
0;0;0;0;0
0;0;0;0;0
0;0;1;1;0
0;0;0;0;0
0;1;0;0;0
0;1;0;0;0
0;0;0;0;0
0;0;1;1;0
0;1;0;0;0
0;1;0;0;0
0;0;0;0;0
0;0;0;0;0
0;0;1;1;0
0;0;0;0;0
0;0;0;0;0
0;0;2;2;0
0;0;0;0;0
0;1;0;0;0
0;1;0;0;0
1;0;2;2;0
0;0;0;0;0
0;0;1;1;0
0;0;0;0;0
0;0;0;0;0
2;0;2;2;0
0;0;0;0;0
0;1;0;0;0
0;1;0;0;0
0;0;0;0;0
0;1;2;2;0
0;0;1;1;0
0;0;0;0;0
1;0;2;2;0
0;0;0;0;0
0;0;0;0;0
0;1;0;0;0
0;0;1;1;0
0;0;1;1;0
0;0;1;1;0
0;0;1;1;0
0;1;1;1;0
0;0;0;0;0
0;0;0;0;0
0;0;0;0;0
0;0;0;0;0
0;1;1;1;0
0;0;0;0;0
0;0;1;1;0
0;2;1;1;0
0;0;1;1;0
0;0;0;0;0
0;0;0;0;0
0;1;0;0;0
0;0;0;0;0
0;1;0;0;0
1;0;1;1;0
0;0;0;0;0
0;0;2;2;0
0;0;1;1;0
0;0;0;0;0
0;0;0;0;0
0;0;2;2;0
0;2;0;0;0
0;1;1;1;0
0;0;1;1;0
1;1;1;1;0
0;0;1;1;0
1;0;1;1;0
0;0;0;0;0
0;1;1;1;0
0;1;1;1;0
0;1;0;0;0
1;1;1;1;0
0;1;0;0;0
0;0;0;0;0
0;0;0;0;0
2;0;2;2;0
0;0;0;0;0
0;1;1;1;0
1;0;1;1;0
1;1;3;3;0
0;1;2;2;0
0;1;2;2;0
1;0;2;2;0
0;0;1;1;0
0;0;1;1;0
0;0;1;1;0
0;0;2;2;0
0;0;0;0;0
0;0;2;2;0
0;2;2;2;0
0;1;1;1;0
0;0;0;0;0
0;0;0;0;0
0;2;0;0;0
0;0;1;1;0
1;1;2;2;0
0;1;2;2;0
0;0;0;0;0
0;1;0;0;0
0;0;0;0;0
0;0;0;0;0
1;1;2;2;0
0;1;0;0;0
0;0;0;0;0
0;0;0;0;0
0;0;0;0;0
0;0;0;0;0
1;0;1;1;0
0;0;0;0;0
1;0;1;1;0
0;1;0;0;0
1;0;1;1;0
0;2;0;0;0
1;2;2;2;0
1;2;2;2;0
0;1;2;2;0
0;1;0;0;0
1;1;2;2;0
1;1;3;3;0
0;2;0;0;0
0;0;0;0;0
1;2;2;2;0
0;2;0;0;0
0;1;1;1;0
2;0;3;3;0
0;0;0;0;0
1;0;2;2;0
0;1;1;1;0
1;1;2;2;0
0;2;1;1;0
0;0;0;0;0
0;0;0;0;0
0;0;0;0;0
0;0;0;0;0
0;1;0;0;0
1;0;2;2;0
0;0;0;0;0
0;0;1;1;0
0;0;0;0;0
0;0;0;0;0
0;0;0;0;0
1;0;2;2;0
0;0;2;2;0
0;0;1;1;0
0;0;1;1;0
1;0;2;2;0
1;1;2;2;0
0;1;0;0;0
1;2;2;2;0
0;0;1;1;0
1;1;2;2;0
1;2;2;2;0
1;0;1;1;0
1;0;3;3;0
1;1;2;2;0
0;0;0;0;0
1;1;2;2;0
0;1;0;0;0
0;0;1;1;0
0;1;1;1;0
0;1;1;1;0
1;1;2;2;0
1;1;1;1;0
0;0;0;0;0
0;0;2;2;0
0;0;1;1;0
0;0;0;0;0
0;0;0;0;0
1;1;3;3;0
0;0;3;3;0
0;1;2;2;0
0;0;1;1;0
0;0;1;1;0
3;0;5;5;0
3;1;4;4;0
0;2;1;1;0
2;1;2;2;0
1;1;4;4;0
0;1;0;0;0
0;1;2;2;0
0;0;2;2;0
0;1;2;2;0
2;1;3;3;0
0;1;3;3;0
0;1;1;1;0
0;0;3;3;0
0;2;1;1;0
1;1;2;2;0
0;0;4;4;0
1;1;3;3;0
0;0;0;0;0
1;1;3;3;0
0;1;0;0;0
2;1;3;3;0
1;1;6;6;0
0;0;2;2;0
0;0;1;1;0
0;2;1;1;0
1;1;1;1;0
0;0;1;1;0
1;0;1;1;0
1;2;2;2;0
0;3;3;3;0
1;2;1;1;0
1;1;5;5;0
1;1;4;4;0
0;2;3;3;0
0;1;2;2;0
1;1;2;2;0
1;0;6;6;0
0;3;2;2;0
0;0;0;0;0
0;2;2;2;0
0;2;2;2;0
0;2;2;2;0
0;1;1;1;0
1;3;1;1;0
0;1;4;4;0
0;3;3;3;0
1;1;4;4;0
1;1;5;5;0
0;4;3;3;0
1;2;2;2;0
0;0;6;6;0
0;2;1;1;0
0;0;2;2;0
0;1;3;3;0
0;5;0;0;0
0;2;2;2;0
0;1;6;6;0
0;1;5;5;0
0;0;4;4;0
0;1;3;3;0
0;0;3;3;0
1;1;4;4;0
0;3;3;3;0
0;0;0;0;0
0;4;1;1;0
0;3;1;1;0
0;3;1;1;0
0;2;2;2;0
1;1;3;3;0
0;5;2;2;0
0;2;2;2;0
0;0;1;1;0
2;2;4;4;0
0;2;2;2;0
1;2;3;3;0
0;1;1;1;0
0;0;2;2;0
0;4;4;4;0
0;3;1;1;0
0;3;0;0;0
0;4;0;0;0
0;3;1;1;0
1;1;1;1;0
0;6;1;1;0
0;1;1;1;0
0;2;0;0;0
1;3;1;1;0
0;0;2;2;0
0;2;1;1;0
0;6;0;0;0
2;5;3;3;0
0;4;2;2;0
1;3;1;1;0
2;3;5;5;0
1;3;2;2;0
0;3;0;0;0
1;0;1;1;0
2;1;3;3;0
0;1;1;1;0
2;1;3;3;0
0;2;0;0;0
1;2;2;2;0
2;2;2;2;0
0;2;2;2;0
1;1;2;2;0
0;2;0;0;0
1;2;1;1;0
0;2;0;0;0
0;1;0;0;0
3;2;4;4;0
0;4;0;0;0
0;1;1;1;0
0;0;2;2;0
3;0;4;4;0
2;1;4;4;0
2;0;2;2;0
1;1;1;1;0
1;1;1;1;0
2;0;2;2;0
0;0;1;1;0
2;2;3;3;0
1;1;1;1;0
1;0;3;3;0
0;1;0;0;0
1;2;2;2;0
2;0;2;2;0
0;3;0;0;0
1;1;2;2;0
1;0;2;2;0
1;0;3;3;0
0;1;1;1;0
0;1;1;1;0
2;1;3;3;0
3;0;3;3;0
1;1;1;1;0
2;0;5;5;0
0;2;2;2;0
2;1;4;4;0
1;0;2;2;0
1;0;2;2;0
4;0;5;5;0
0;0;0;0;0
1;1;2;2;0
2;0;5;5;0
1;1;3;3;0
3;2;3;3;0
2;1;4;4;0
1;2;3;3;0
2;0;2;2;0
2;0;6;6;0
3;0;3;3;0
0;0;3;3;0
2;1;5;5;0
1;1;2;2;0
2;0;6;6;0
2;2;3;3;0
1;0;2;2;0
2;1;5;5;0
2;0;4;4;0
2;0;5;5;0
1;1;5;5;0
2;1;3;3;0
1;2;2;2;0
1;1;2;2;0
2;1;5;5;0
3;1;5;5;0
5;0;7;7;0
2;0;3;3;0
7;3;11;11;0
1;2;3;3;0
3;2;6;6;0
3;1;5;5;0
2;1;6;6;0
3;1;4;4;0
1;0;6;6;0
5;1;8;8;0
7;3;7;7;0
4;2;4;4;0
1;0;2;2;0
4;2;6;6;0
2;2;5;5;0
3;0;7;7;0
1;4;5;5;0
1;0;3;3;0
0;3;2;2;0
1;3;5;5;0
0;1;3;3;0
1;4;3;3;0
1;1;3;3;0
0;1;2;2;0
2;3;2;2;0
2;2;2;2;0
2;3;3;3;0
3;4;5;5;0
1;1;2;2;0
3;1;6;6;0
3;1;4;4;0
3;3;5;5;0
3;2;4;4;0
5;2;5;5;0
3;1;6;6;0
6;4;8;8;0
2;2;4;4;0
5;3;9;9;0
0;2;5;5;0
3;4;5;5;0
3;1;3;3;0
3;5;4;4;0
2;3;4;4;0
8;0;14;14;0
2;0;7;7;0
1;1;3;3;0
2;2;5;5;0
2;3;5;5;0
4;4;8;8;0
2;4;7;7;0
4;2;6;6;0
3;2;3;3;0
2;4;4;4;0
2;3;3;3;0
2;2;5;5;0
3;2;4;4;0
0;2;5;5;0
3;0;5;5;0
0;0;3;3;0
0;1;2;2;0
0;2;2;2;0
0;1;1;1;0
0;3;2;2;0
0;1;2;2;0
0;2;1;1;0
0;1;0;0;0
0;0;0;0;0
0;3;2;2;0
0;2;2;2;0
1;2;1;1;0
0;4;0;0;0
0;5;0;0;0
0;2;0;0;0
0;0;0;0;0
1;1;1;1;0
0;2;0;0;0
0;6;1;1;0
0;5;1;1;0
0;2;0;0;0
0;3;0;0;0
0;3;1;1;0
2;4;2;2;0
0;5;1;1;0
0;2;0;0;0
0;0;0;0;0
1;2;1;1;0
0;1;1;1;0
0;3;0;0;0
0;1;0;0;0
1;5;2;2;0
0;2;0;0;0
0;3;0;0;0
0;2;0;0;0
0;2;0;0;0
0;1;0;0;0
0;2;0;0;0
0;2;1;1;0
0;1;1;1;0
0;0;1;1;0
0;0;1;1;0
0;2;0;0;0
0;2;0;0;0
1;0;1;1;0
0;0;0;0;0
0;0;1;1;0
0;0;0;0;0
0;0;1;1;0
0;0;0;0;0
0;0;0;0;0
0;1;0;0;0
0;1;0;0;0
0;0;0;0;0
0;0;0;0;0
0;1;0;0;0
0;0;0;0;0
0;1;0;0;0
0;0;0;0;0
0;0;0;0;0
0;0;0;0;0
0;1;0;0;0
0;0;0;0;0
0;0;1;1;0
0;1;0;0;0
0;0;1;1;0
0;0;0;0;0
0;0;1;1;0
0;0;0;0;0
2;0;2;2;0
0;0;1;1;0
0;1;1;1;0
0;1;0;0;0
1;1;1;1;0
0;1;2;2;0
0;0;0;0;0
0;0;0;0;0
0;0;0;0;0
0;0;0;0;0
0;1;0;0;0
0;0;0;0;0
1;1;1;1;0
0;0;1;1;0
0;0;0;0;0
0;0;0;0;0
0;0;0;0;0
0;0;0;0;0
0;0;1;1;0
0;0;0;0;0
0;0;0;0;0
0;0;0;0;0
0;0;0;0;0
0;0;1;1;0
0;0;0;0;0
0;0;0;0;0
0;0;0;0;0
1;1;2;2;0
0;0;0;0;0
0;1;1;1;0
0;0;0;0;0
1;1;2;2;0
0;0;0;0;0
0;0;0;0;0
0;1;1;1;0
0;1;0;0;0
0;0;0;0;0
1;0;2;2;0
0;2;0;0;0
0;0;0;0;0
0;0;0;0;0
0;0;0;0;0
0;0;2;2;0
0;0;2;2;0
1;0;2;2;0
0;0;1;1;0
1;1;2;2;0
0;0;1;1;0
1;0;1;1;0
0;0;0;0;0
1;0;1;1;0
1;1;1;1;0
0;0;0;0;0
0;0;0;0;0
0;0;0;0;0
0;0;2;2;0
0;1;0;0;0
0;0;1;1;0
0;0;0;0;0
0;0;0;0;0
0;1;1;1;0
0;0;0;0;0
0;1;0;0;0
0;0;0;0;0
0;1;0;0;0
0;0;0;0;0
0;0;0;0;0
1;1;2;2;0
1;0;3;3;0
0;0;0;0;0
0;1;0;0;0
0;0;0;0;0
0;0;0;0;0
0;0;0;0;0
0;0;1;1;0
0;2;1;1;0
0;2;1;1;0
1;1;1;1;0
0;1;0;0;0
0;1;0;0;0
0;1;0;0;0
1;0;1;1;0
0;0;0;0;0
0;0;0;0;0
0;0;0;0;0
0;0;1;1;0
0;0;0;0;0
1;0;1;1;0
0;2;0;0;0
1;0;2;2;0
0;1;1;1;0
0;0;0;0;0
0;0;1;1;0
1;1;1;1;0
0;0;0;0;0
0;0;0;0;0
0;0;2;2;0
1;0;1;1;0
0;0;3;3;0
0;0;0;0;0
1;1;1;1;0
0;2;1;1;0
2;0;2;2;0
0;0;0;0;0
0;0;0;0;0
0;0;1;1;0
1;0;1;1;0
1;1;1;1;0
0;1;0;0;0
0;1;0;0;0
0;0;0;0;0
0;0;0;0;0
0;0;1;1;0
1;0;1;1;0
0;0;1;1;0
0;0;0;0;0
0;0;0;0;0
0;0;0;0;0
0;1;0;0;0
1;0;1;1;0
1;0;1;1;0
0;0;1;1;0
0;1;0;0;0
0;1;1;1;0
0;0;0;0;0
0;1;1;1;0
0;0;1;1;0
0;0;0;0;0
0;0;0;0;0
0;2;0;0;0
0;0;0;0;0
0;3;0;0;0
0;0;0;0;0
0;0;0;0;0
0;1;1;1;0
0;0;0;0;0
0;0;1;1;0
0;0;1;1;0
0;1;0;0;0
0;0;0;0;0
0;0;0;0;0
1;0;1;1;0
0;0;0;0;0
0;0;0;0;0
1;0;1;1;0
0;1;0;0;0
0;0;0;0;0
0;1;0;0;0
0;0;0;0;0
0;0;0;0;0
0;0;1;1;0
0;0;0;0;0
1;0;2;2;0
0;0;0;0;0
0;1;1;1;0
0;0;1;1;0
0;1;0;0;0
0;0;0;0;0
1;1;1;1;0
0;1;0;0;0
0;0;0;0;0
0;0;0;0;0
1;0;1;1;0
0;0;0;0;0
0;0;0;0;0
0;0;0;0;0
0;0;1;1;0
0;1;1;1;0
0;0;1;1;0
0;1;1;1;0
0;1;0;0;0
1;0;2;2;0
0;0;0;0;0
1;0;2;2;0
2;0;3;3;0
0;0;0;0;0
1;0;1;1;0
0;0;0;0;0
0;0;0;0;0
0;0;0;0;0
0;0;0;0;0
0;0;0;0;0
0;0;0;0;0
0;1;1;1;0
0;0;0;0;0
0;1;0;0;0
1;0;2;2;0
0;1;0;0;0
0;1;0;0;0
0;0;1;1;0
0;0;0;0;0
0;0;1;1;0
0;0;1;1;0
0;0;1;1;0
0;0;0;0;0
0;0;0;0;0
0;0;0;0;0
0;0;0;0;0
0;0;0;0;0
0;1;0;0;0
0;1;0;0;0
0;1;0;0;0
0;1;0;0;0
0;0;2;2;0
0;1;0;0;0
0;0;0;0;0
1;1;1;1;0
0;1;0;0;0
0;0;0;0;0
1;0;1;1;0
0;0;0;0;0
0;0;1;1;0
0;0;0;0;0
0;0;0;0;0
0;0;0;0;0
0;0;0;0;0
1;1;2;2;0
0;0;0;0;0
2;0;3;3;0
0;1;0;0;0
0;0;0;0;0
0;0;1;1;0
0;1;0;0;0
0;0;0;0;0
0;1;0;0;0
1;1;1;1;0
0;1;0;0;0
0;0;0;0;0
0;0;1;1;0
0;0;0;0;0
1;0;1;1;0
1;0;1;1;0
0;0;0;0;0
0;0;0;0;0
0;0;1;1;0
1;0;1;1;0
0;2;0;0;0
1;0;1;1;0
0;0;0;0;0
0;0;0;0;0
0;0;0;0;0
0;0;0;0;0
0;0;0;0;0
0;0;0;0;0
1;1;1;1;0
0;0;0;0;0
0;0;0;0;0
0;0;0;0;0
0;0;1;1;0
1;1;1;1;0
0;0;0;0;0
0;1;0;0;0
0;0;0;0;0
0;0;0;0;0
0;1;1;1;0
0;0;1;1;0
0;0;1;1;0
0;0;0;0;0
0;0;1;1;0
0;0;1;1;0
0;0;0;0;0
0;1;1;1;0
0;0;0;0;0
0;0;0;0;0
0;0;1;1;0
0;0;0;0;0
0;0;0;0;0
0;1;0;0;0
0;0;0;0;0
0;0;0;0;0
0;0;0;0;0
1;0;1;1;0
0;0;0;0;0
0;0;1;1;0
0;0;0;0;0
0;0;0;0;0
1;0;1;1;0
0;0;0;0;0
0;0;0;0;0
0;0;0;0;0
0;0;0;0;0
0;1;0;0;0
0;0;0;0;0
0;0;0;0;0
0;0;0;0;0
0;0;0;0;0
0;0;0;0;0
0;1;0;0;0
0;1;0;0;0
1;1;1;1;0
0;0;0;0;0
0;1;1;1;0
0;1;2;2;0
1;0;1;1;0
1;1;2;2;0
0;0;0;0;0
0;0;0;0;0
0;1;1;1;0
1;0;2;2;0
0;0;0;0;0
0;0;0;0;0
0;0;0;0;0
0;0;0;0;0
0;0;0;0;0
0;0;1;1;0
0;0;0;0;0
0;1;0;0;0
0;0;0;0;0
0;0;0;0;0
0;0;0;0;0
1;0;1;1;0
0;0;0;0;0
0;0;0;0;0
1;0;2;2;0
0;0;0;0;0
0;0;0;0;0
0;0;0;0;0
0;0;0;0;0
0;0;0;0;0
0;0;0;0;0
1;0;2;2;0
0;0;0;0;0
0;0;0;0;0
0;0;0;0;0
0;1;0;0;0
0;2;0;0;0
0;0;0;0;0
0;1;0;0;0
0;0;1;1;0
0;0;0;0;0
0;1;0;0;0
0;1;0;0;0
0;0;0;0;0
0;0;0;0;0
0;0;1;1;0
0;0;0;0;0
0;0;0;0;0
0;1;0;0;0
1;0;1;1;0
0;0;0;0;0
0;0;0;0;0
0;0;1;1;0
0;0;0;0;0
0;0;0;0;0
0;0;2;2;0
0;0;0;0;0
1;1;1;1;0
0;0;1;1;0
0;0;0;0;0
0;0;0;0;0
0;0;0;0;0
0;0;0;0;0
0;0;0;0;0
0;1;0;0;0
0;0;1;1;0
0;0;0;0;0
0;0;0;0;0
1;0;1;1;0
0;0;0;0;0
0;0;1;1;0
0;0;1;1;0
0;1;0;0;0
0;0;0;0;0
0;0;0;0;0
0;0;0;0;0
0;0;0;0;0
0;0;0;0;0
0;1;0;0;0
0;0;0;0;0
0;0;0;0;0
0;0;1;1;0
0;0;1;1;0
0;0;0;0;0
0;0;0;0;0
0;1;0;0;0
2;0;2;2;0
1;0;1;1;0
0;2;0;0;0
0;0;0;0;0
0;0;0;0;0
0;1;0;0;0
1;0;2;2;0
0;0;0;0;0
0;0;0;0;0
1;0;1;1;0
0;0;1;1;0
1;0;1;1;0
0;1;0;0;0
0;0;0;0;0
1;0;2;2;0
0;0;0;0;0
0;0;1;1;0
1;1;1;1;0
1;1;1;1;0
0;0;0;0;0
1;0;3;3;0
2;0;2;2;0
1;0;1;1;0
1;0;1;1;0
1;0;1;1;0
1;0;2;2;0
0;0;0;0;0
0;0;0;0;0
0;1;0;0;0
0;1;0;0;0
0;0;1;1;0
0;0;1;1;0
0;0;0;0;0
0;0;0;0;0
0;0;1;1;0
0;0;0;0;0
0;0;0;0;0
0;0;0;0;0
1;0;3;3;0
0;1;0;0;0
0;0;0;0;0
0;0;0;0;0
2;0;2;2;0
0;1;0;0;0
1;0;1;1;0
1;0;3;3;0
0;0;0;0;0
0;1;0;0;0
2;0;2;2;0
0;1;0;0;0
1;0;2;2;0
0;0;2;2;0
0;0;0;0;0
0;2;1;1;0
0;0;0;0;0
0;0;1;1;0
0;0;0;0;0
0;0;0;0;0
0;1;0;0;0
0;0;2;2;0
0;0;1;1;0
0;0;1;1;0
0;0;0;0;0
0;1;1;1;0
0;1;1;1;0
0;0;0;0;0
0;0;1;1;0
0;1;0;0;0
0;0;0;0;0
0;0;2;2;0
0;0;1;1;0
1;2;1;1;0
2;0;2;2;0
0;0;0;0;0
2;0;3;3;0
1;0;1;1;0
0;0;0;0;0
0;0;0;0;0
0;2;1;1;0
0;0;1;1;0
0;0;0;0;0
1;0;1;1;0
1;0;1;1;0
0;1;1;1;0
0;2;2;2;0
0;0;0;0;0
3;1;3;3;0
0;0;1;1;0
1;1;1;1;0
2;0;2;2;0
0;0;1;1;0
2;0;2;2;0
0;2;0;0;0
1;1;2;2;0
0;1;2;2;0
1;0;2;2;0
1;1;1;1;0
1;1;2;2;0
0;0;0;0;0
0;1;0;0;0
0;0;1;1;0
0;0;1;1;0
2;2;2;2;0
3;1;4;4;0
0;0;2;2;0
0;0;1;1;0
1;0;4;4;0
2;1;2;2;0
1;0;1;1;0
1;0;3;3;0
0;0;1;1;0
0;1;0;0;0
2;1;2;2;0
2;0;3;3;0
2;0;2;2;0
0;0;0;0;0
2;1;3;3;0
2;2;2;2;0
0;0;0;0;0
0;0;2;2;0
0;1;1;1;0
0;0;2;2;0
0;0;1;1;0
0;1;0;0;0
1;0;4;4;0
0;0;2;2;0
2;1;3;3;0
2;2;3;3;0
1;1;1;1;0
0;0;1;1;0
2;1;3;3;0
0;0;1;1;0
0;0;0;0;0
1;1;2;2;0
0;1;2;2;0
0;0;1;1;0
0;1;0;0;0
0;2;1;1;0
2;1;5;5;0
0;3;1;1;0
0;0;1;1;0
0;0;1;1;0
0;2;1;1;0
1;1;2;2;0
0;0;1;1;0
0;0;0;0;0
2;1;4;4;0
2;0;5;5;0
1;0;2;2;0
0;1;2;2;0
1;0;3;3;0
1;0;3;3;0
1;2;1;1;0
1;1;2;2;0
0;2;0;0;0
0;1;3;3;0
2;0;4;4;0
2;3;2;2;0
1;2;4;4;0
1;1;3;3;0
0;1;1;1;0
1;0;2;2;0
0;1;1;1;0
1;1;2;2;0
0;1;3;3;0
2;0;4;4;0
2;1;4;4;0
0;2;0;0;0
1;1;3;3;0
1;0;1;1;0
1;1;1;1;0
0;3;2;2;0
0;1;3;3;0
1;1;1;1;0
1;1;4;4;0
0;1;0;0;0
2;1;2;2;0
2;1;3;3;0
0;0;2;2;0
2;2;2;2;0
0;3;2;2;0
3;1;3;3;0
1;2;6;6;0
0;2;2;2;0
2;2;5;5;0
1;0;1;1;0
0;1;1;1;0
2;0;3;3;0
2;3;5;5;0
1;2;3;3;0
1;0;2;2;0
1;3;2;2;0
2;2;4;4;0
1;1;3;3;0
1;1;4;4;0
1;1;1;1;0
1;1;1;1;0
1;3;4;4;0
2;2;4;4;0
0;2;0;0;0
1;0;3;3;0
1;2;3;3;0
1;0;1;1;0
0;0;1;1;0
3;2;5;5;0
1;3;3;3;0
0;0;3;3;0
1;3;1;1;0
2;0;4;4;0
0;0;1;1;0
1;1;4;4;0
1;2;5;5;0
1;0;3;3;0
0;2;1;1;0
0;0;3;3;0
1;5;4;4;0
3;2;6;6;0
0;3;4;4;0
1;0;1;1;0
0;1;3;3;0
0;1;3;3;0
0;3;0;0;0
0;2;1;1;0
0;1;1;1;0
0;1;2;2;0
0;2;3;3;0
0;2;1;1;0
0;3;3;3;0
0;0;4;4;0
0;0;5;5;0
0;3;1;1;0
0;2;2;2;0
0;0;3;3;0
0;2;1;1;0
0;2;1;1;0
0;0;1;1;0
0;1;3;3;0
0;2;3;3;0
0;2;1;1;0
0;3;1;1;0
0;0;0;0;0
0;2;1;1;0
0;1;0;0;0
0;3;1;1;0
0;4;0;0;0
0;2;0;0;0
0;1;0;0;0
0;3;1;1;0
0;3;0;0;0
0;3;0;0;0
0;4;0;0;0
0;0;0;0;0
0;3;1;1;0
0;3;0;0;0
0;0;0;0;0
0;1;0;0;0
0;1;0;0;0
0;2;0;0;0
0;3;0;0;0
0;1;0;0;0
0;3;0;0;0
0;4;0;0;0
0;5;1;1;0
0;1;0;0;0
0;2;0;0;0
0;3;1;1;0
0;1;0;0;0
0;1;0;0;0
0;1;0;0;0
0;3;0;0;0
0;3;0;0;0
0;1;0;0;0
0;1;0;0;0
0;0;0;0;0
0;1;0;0;0
0;0;0;0;0
0;1;0;0;0
0;0;0;0;0
0;0;0;0;0
0;0;1;1;0
0;1;0;0;0
0;0;0;0;0
0;0;1;1;0
0;0;0;0;0
0;0;0;0;0
0;1;0;0;0
0;0;1;1;0
0;0;0;0;0
0;0;0;0;0
0;0;0;0;0
0;0;0;0;0
0;0;0;0;0
0;0;0;0;0
0;0;0;0;0
0;0;0;0;0
0;1;0;0;0
0;0;1;1;0
0;0;0;0;0
0;1;0;0;0
0;0;0;0;0
0;0;1;1;0
0;0;0;0;0
0;0;0;0;0
0;0;0;0;0
0;0;0;0;0
0;0;0;0;0
0;0;0;0;0
0;0;0;0;0
0;0;0;0;0
0;0;0;0;0
0;0;1;1;0
0;0;0;0;0
0;1;0;0;0
0;0;0;0;0
0;0;0;0;0
0;1;0;0;0
0;0;0;0;0
0;0;0;0;0
0;0;0;0;0
0;1;0;0;0
0;0;0;0;0
0;0;0;0;0
0;0;0;0;0
0;0;0;0;0
0;0;0;0;0
0;0;0;0;0
0;0;0;0;0
0;0;0;0;0
0;0;0;0;0
0;1;0;0;0
0;0;0;0;0
0;0;0;0;0
0;0;0;0;0
0;1;0;0;0
0;0;1;1;0
0;0;0;0;0
0;0;0;0;0
0;0;0;0;0
0;0;0;0;0
0;0;0;0;0
0;0;0;0;0
0;0;0;0;0
0;0;0;0;0
0;1;1;1;0
0;0;0;0;0
0;0;0;0;0
0;0;0;0;0
0;0;0;0;0
0;0;0;0;0
0;0;0;0;0
0;0;0;0;0
0;0;0;0;0
0;0;0;0;0
0;0;0;0;0
0;0;0;0;0
0;0;0;0;0
0;0;1;1;0
0;0;0;0;0
0;0;0;0;0
0;0;0;0;0
0;0;0;0;0
0;0;0;0;0
0;0;0;0;0
0;0;0;0;0
0;0;0;0;0
0;0;0;0;0
0;0;0;0;0
0;1;0;0;0
0;0;0;0;0
0;0;0;0;0
0;0;0;0;0
0;0;0;0;0
0;0;0;0;0
0;0;0;0;0
0;0;0;0;0
0;0;0;0;0
0;1;0;0;0
0;0;0;0;0
0;0;0;0;0
0;0;0;0;0
0;0;0;0;0
0;0;0;0;0
0;0;0;0;0
0;0;0;0;0
0;0;0;0;0
0;0;0;0;0
0;0;0;0;0
0;0;0;0;0
0;0;0;0;0
0;1;0;0;0
0;0;0;0;0
0;0;0;0;0
0;0;0;0;0
0;0;0;0;0
0;0;0;0;0
0;0;0;0;0
0;0;0;0;0
0;0;0;0;0
0;0;0;0;0
0;0;0;0;0
0;0;0;0;0
0;0;0;0;0
0;0;0;0;0
0;0;0;0;0
0;0;0;0;0
0;0;0;0;0
0;0;0;0;0
0;0;0;0;0
0;0;0;0;0
0;0;0;0;0
0;0;0;0;0
0;0;0;0;0
0;0;0;0;0
0;0;0;0;0
0;0;0;0;0
0;0;0;0;0
0;0;0;0;0
0;0;0;0;0
0;0;0;0;0
0;0;0;0;0
0;0;0;0;0
0;0;0;0;0
0;0;0;0;0
0;0;0;0;0
0;0;0;0;0
0;0;0;0;0
0;0;0;0;0
0;0;0;0;0
0;0;0;0;0
0;0;0;0;0
0;0;0;0;0
0;0;0;0;0
0;0;0;0;0
0;0;0;0;0
0;0;0;0;0
0;0;0;0;0
0;0;0;0;0
0;0;0;0;0
0;0;0;0;0
0;0;0;0;0
0;0;0;0;0
0;0;0;0;0
0;0;0;0;0
0;0;0;0;0
0;0;0;0;0
0;0;0;0;0
0;0;0;0;0
0;0;0;0;0
0;0;0;0;0
0;0;0;0;0
0;0;0;0;0
0;0;0;0;0
0;0;0;0;0
0;0;0;0;0
0;0;0;0;0
0;0;0;0;0
0;0;0;0;0
0;0;0;0;0
0;0;0;0;0
0;0;0;0;0
0;0;0;0;0
0;0;0;0;0
0;0;0;0;0
0;0;0;0;0
0;0;0;0;0
0;0;0;0;0
0;0;0;0;0
0;0;0;0;0
0;0;0;0;0
0;0;0;0;0
0;0;0;0;0
0;0;0;0;0
0;0;0;0;0
0;0;0;0;0
0;0;0;0;0
0;0;0;0;0
0;0;0;0;0
0;0;0;0;0
0;0;0;0;0
0;0;0;0;0
0;0;0;0;0
0;0;0;0;0
0;0;0;0;0
0;0;0;0;0
0;0;0;0;0
0;0;0;0;0
0;0;0;0;0
0;0;0;0;0
0;0;0;0;0
0;0;0;0;0
0;0;0;0;0
0;0;0;0;0
0;0;0;0;0
0;0;0;0;0
0;0;0;0;0
0;0;0;0;0
0;0;0;0;0
0;0;0;0;0
0;0;0;0;0
0;0;0;0;0
0;0;0;0;0
0;0;0;0;0
0;0;0;0;0
0;0;0;0;0
0;0;0;0;0
0;0;0;0;0
0;0;0;0;0
0;0;0;0;0
0;0;0;0;0
0;0;0;0;0
0;0;0;0;0
0;0;0;0;0
0;0;0;0;0
0;0;0;0;0
0;0;0;0;0
0;0;0;0;0
0;0;0;0;0
0;0;0;0;0
0;0;0;0;0
0;0;0;0;0
0;0;0;0;0
0;0;0;0;0
0;0;0;0;0
0;0;0;0;0
0;0;0;0;0
0;0;0;0;0
0;0;0;0;0
0;0;0;0;0
0;0;0;0;0
0;0;0;0;0
0;0;0;0;0
0;0;0;0;0
0;0;0;0;0
0;0;0;0;0
0;0;0;0;0
0;0;0;0;0
0;0;0;0;0
0;0;0;0;0
0;0;0;0;0
0;0;0;0;0
0;0;0;0;0
0;0;0;0;0
0;0;0;0;0
0;0;0;0;0
0;0;0;0;0
0;0;0;0;0
0;0;0;0;0
0;0;0;0;0
0;0;0;0;0
0;0;0;0;0
0;0;0;0;0
0;0;0;0;0
0;0;0;0;0
0;0;0;0;0
0;0;0;0;0
0;0;0;0;0
0;0;0;0;0
0;0;0;0;0
0;0;0;0;0
0;0;0;0;0
0;0;0;0;0
0;0;0;0;0
0;0;0;0;0
0;0;0;0;0
0;0;0;0;0
0;0;0;0;0
0;0;0;0;0
0;0;0;0;0
0;0;0;0;0
0;0;0;0;0
0;0;0;0;0
0;0;0;0;0
0;0;0;0;0
0;0;0;0;0
0;0;0;0;0
0;0;0;0;0
0;0;0;0;0
0;0;0;0;0
0;0;0;0;0
0;0;0;0;0
0;0;0;0;0
0;0;0;0;0
0;0;0;0;0
0;0;0;0;0
0;0;0;0;0
0;0;0;0;0
0;0;0;0;0
0;0;0;0;0
0;0;0;0;0
0;0;0;0;0
0;0;0;0;0
0;0;0;0;0
0;0;0;0;0
0;0;0;0;0
0;0;0;0;0
0;0;0;0;0
0;0;0;0;0
0;0;0;0;0
0;0;0;0;0
0;0;0;0;0
0;0;0;0;0
0;0;0;0;0
0;0;0;0;0
0;0;0;0;0
0;0;0;0;0
0;0;0;0;0
0;0;0;0;0
0;0;0;0;0
0;0;0;0;0
0;0;0;0;0
0;0;0;0;0
0;0;0;0;0
0;0;0;0;0
0;0;0;0;0
0;0;0;0;0
0;0;0;0;0
0;0;0;0;0
0;0;0;0;0
0;0;0;0;0
0;0;0;0;0
0;0;0;0;0
0;0;0;0;0
0;0;0;;0
0;0;0;;0
0;0;0;;0
0;0;0;;0
0;0;0;;0
0;0;0;;0
0;0;0;;0
0;0;0;;0
0;0;0;;0
0;0;0;;0
0;0;0;;0
0;0;0;;0
0;0;0;;0
0;0;0;;0
0;0;0;;0
0;0;0;;0
0;0;0;;0
0;0;0;;0
0;0;0;;0
0;0;0;;0
0;0;0;;0
0;0;0;;0
0;0;0;;0
0;0;0;;0
0;0;0;;0
0;0;0;;0
0;0;0;;0
0;0;0;;0
0;0;0;;0
0;0;0;;0
0;0;0;;0
0;0;0;;0
0;0;0;;0
0;0;0;;0
0;0;0;;0
0;0;0;;0
;;;;0
